"maintenance_id","event","total_cost","service","labor_hours"
"MAINT00000001","Inspection",791.83,"Emergency Inspection",7.8
"MAINT00000002","Tire",3288.07,"Scheduled Tire",0.9
"MAINT00000003","Preventive",2303.75,"Routine Preventive",7.2
"MAINT00000004","Inspection",366.28,"Emergency Inspection",2.8
"MAINT00000005","Repair",1391.67,"Emergency Repair",4.6
"MAINT00000006","Preventive",3527.66,"Scheduled Preventive",5.0
"MAINT00000007","Repair",1182.28,"Emergency Repair",0.9
"MAINT00000008","Tire",2269.04,"Scheduled Tire",7.1
"MAINT00000009","Inspection",514.72,"Routine Inspection",4.0
"MAINT00000010","Inspection",88.77,"Emergency Inspection",0.6
"MAINT00000011","Preventive",2730.61,"Emergency Preventive",2.2
"MAINT00000012","Tire",3672.79,"Scheduled Tire",6.9
"MAINT00000013","Preventive",3507.94,"Scheduled Preventive",3.4
"MAINT00000014","Transmission",1146.50,"Routine Transmission",0.8
"MAINT00000015","Brake",1743.18,"Routine Brake",4.5
"MAINT00000016","Transmission",2118.72,"Scheduled Transmission",5.0
"MAINT00000017","Repair",2139.83,"Emergency Repair",3.3
"MAINT00000018","Transmission",3506.22,"Scheduled Transmission",2.3
"MAINT00000019","Brake",2859.81,"Scheduled Brake",7.1
"MAINT00000020","Transmission",136.46,"Emergency Transmission",0.7
"MAINT00000021","Brake",1046.43,"Emergency Brake",6.6
"MAINT00000022","Brake",947.99,"Emergency Brake",4.8
"MAINT00000023","Repair",1668.60,"Routine Repair",7.3
"MAINT00000024","Preventive",2923.41,"Routine Preventive",4.3
"MAINT00000025","Brake",1355.07,"Emergency Brake",4.1
"MAINT00000026","Tire",3000.23,"Scheduled Tire",5.3
"MAINT00000027","Transmission",2666.62,"Emergency Transmission",1.4
"MAINT00000028","Brake",1456.68,"Emergency Brake",4.5
"MAINT00000029","Tire",2107.22,"Emergency Tire",1.3
"MAINT00000030","Repair",2421.32,"Scheduled Repair",0.7
"MAINT00000031","Preventive",3617.85,"Emergency Preventive",3.5
"MAINT00000032","Preventive",1806.93,"Routine Preventive",2.9
"MAINT00000033","Engine",1072.05,"Emergency Engine",3.6
"MAINT00000034","Repair",1102.93,"Emergency Repair",0.9
"MAINT00000035","Preventive",2390.10,"Scheduled Preventive",4.5
"MAINT00000036","Engine",2224.41,"Routine Engine",1.5
"MAINT00000037","Inspection",134.71,"Scheduled Inspection",1.1
"MAINT00000038","Repair",1922.84,"Scheduled Repair",2.7
"MAINT00000039","Engine",2470.18,"Routine Engine",7.8
"MAINT00000040","Transmission",3778.69,"Routine Transmission",8.0
"MAINT00000041","Tire",835.86,"Emergency Tire",5.9
"MAINT00000042","Inspection",475.24,"Routine Inspection",2.8
"MAINT00000043","Preventive",3553.61,"Routine Preventive",0.8
"MAINT00000044","Engine",1445.54,"Routine Engine",4.2
"MAINT00000045","Engine",1931.64,"Routine Engine",3.7
"MAINT00000046","Preventive",2666.89,"Emergency Preventive",1.5
"MAINT00000047","Inspection",341.60,"Scheduled Inspection",1.8
"MAINT00000048","Inspection",192.13,"Scheduled Inspection",0.9
"MAINT00000049","Repair",2991.93,"Scheduled Repair",2.6
"MAINT00000050","Repair",2209.89,"Emergency Repair",2.8
"MAINT00000051","Tire",1629.16,"Emergency Tire",3.7
"MAINT00000052","Brake",3584.51,"Emergency Brake",4.7
"MAINT00000053","Repair",2927.82,"Routine Repair",5.6
"MAINT00000054","Repair",152.82,"Scheduled Repair",0.7
"MAINT00000055","Inspection",721.80,"Scheduled Inspection",6.0
"MAINT00000056","Tire",3733.04,"Scheduled Tire",5.8
"MAINT00000057","Transmission",1895.88,"Scheduled Transmission",2.0
"MAINT00000058","Inspection",617.32,"Scheduled Inspection",5.1
"MAINT00000059","Tire",2632.25,"Routine Tire",5.2
"MAINT00000060","Preventive",2144.58,"Emergency Preventive",7.4
"MAINT00000061","Inspection",768.01,"Routine Inspection",7.1
"MAINT00000062","Preventive",1851.89,"Routine Preventive",3.1
"MAINT00000063","Brake",2932.97,"Scheduled Brake",2.3
"MAINT00000064","Engine",1331.91,"Routine Engine",6.1
"MAINT00000065","Engine",2332.36,"Scheduled Engine",2.5
"MAINT00000066","Tire",3000.58,"Emergency Tire",2.3
"MAINT00000067","Brake",1348.94,"Scheduled Brake",6.6
"MAINT00000068","Tire",3318.78,"Scheduled Tire",1.2
"MAINT00000069","Engine",2047.03,"Emergency Engine",1.9
"MAINT00000070","Engine",2662.69,"Scheduled Engine",5.6
"MAINT00000071","Engine",529.22,"Routine Engine",4.6
"MAINT00000072","Inspection",533.28,"Emergency Inspection",3.3
"MAINT00000073","Brake",2986.62,"Emergency Brake",6.5
"MAINT00000074","Brake",1796.76,"Scheduled Brake",3.1
"MAINT00000075","Engine",3314.00,"Routine Engine",7.1
"MAINT00000076","Tire",1594.40,"Routine Tire",7.6
"MAINT00000077","Engine",1415.01,"Scheduled Engine",4.9
"MAINT00000078","Engine",1865.50,"Scheduled Engine",4.1
"MAINT00000079","Brake",844.65,"Scheduled Brake",1.6
"MAINT00000080","Transmission",2531.27,"Emergency Transmission",1.2
"MAINT00000081","Brake",1748.73,"Routine Brake",2.5
"MAINT00000082","Transmission",2842.28,"Emergency Transmission",4.3
"MAINT00000083","Transmission",3343.56,"Routine Transmission",5.6
"MAINT00000084","Brake",2336.21,"Scheduled Brake",3.7
"MAINT00000085","Preventive",3285.64,"Scheduled Preventive",1.3
"MAINT00000086","Transmission",2088.85,"Scheduled Transmission",3.4
"MAINT00000087","Inspection",475.56,"Emergency Inspection",3.7
"MAINT00000088","Transmission",2647.71,"Emergency Transmission",1.5
"MAINT00000089","Tire",2631.35,"Emergency Tire",0.9
"MAINT00000090","Transmission",109.10,"Routine Transmission",0.6
"MAINT00000091","Engine",1779.64,"Scheduled Engine",2.2
"MAINT00000092","Transmission",1548.00,"Scheduled Transmission",7.1
"MAINT00000093","Engine",992.24,"Scheduled Engine",3.7
"MAINT00000094","Preventive",1107.09,"Emergency Preventive",0.5
"MAINT00000095","Repair",3134.40,"Scheduled Repair",2.1
"MAINT00000096","Repair",2009.77,"Routine Repair",4.6
"MAINT00000097","Brake",3732.67,"Scheduled Brake",6.4
"MAINT00000098","Preventive",2710.70,"Scheduled Preventive",0.6
"MAINT00000099","Engine",542.37,"Routine Engine",4.8
"MAINT00000100","Repair",1123.08,"Routine Repair",4.7
"MAINT00000101","Preventive",1454.26,"Routine Preventive",6.1
"MAINT00000102","Inspection",806.24,"Routine Inspection",7.8
"MAINT00000103","Repair",1440.88,"Emergency Repair",3.8
"MAINT00000104","Inspection",405.68,"Scheduled Inspection",3.8
"MAINT00000105","Engine",1858.21,"Emergency Engine",3.7
"MAINT00000106","Brake",2592.21,"Emergency Brake",3.9
"MAINT00000107","Tire",2813.66,"Scheduled Tire",2.7
"MAINT00000108","Engine",2539.65,"Emergency Engine",7.7
"MAINT00000109","Transmission",1968.53,"Routine Transmission",4.0
"MAINT00000110","Preventive",1930.93,"Routine Preventive",2.3
"MAINT00000111","Tire",1345.55,"Emergency Tire",0.6
"MAINT00000112","Brake",498.88,"Emergency Brake",3.0
"MAINT00000113","Preventive",3566.06,"Scheduled Preventive",7.7
"MAINT00000114","Brake",2227.15,"Scheduled Brake",4.6
"MAINT00000115","Inspection",735.84,"Routine Inspection",6.9
"MAINT00000116","Preventive",2577.02,"Routine Preventive",1.8
"MAINT00000117","Transmission",2273.22,"Scheduled Transmission",6.3
"MAINT00000118","Engine",748.15,"Emergency Engine",4.2
"MAINT00000119","Tire",4054.27,"Scheduled Tire",7.9
"MAINT00000120","Preventive",3598.82,"Emergency Preventive",7.2
"MAINT00000121","Tire",2070.55,"Scheduled Tire",4.9
"MAINT00000122","Transmission",2324.36,"Scheduled Transmission",6.5
"MAINT00000123","Inspection",330.18,"Routine Inspection",3.0
"MAINT00000124","Repair",2787.08,"Emergency Repair",3.9
"MAINT00000125","Repair",3995.45,"Routine Repair",6.0
"MAINT00000126","Repair",3612.56,"Routine Repair",4.0
"MAINT00000127","Brake",3512.54,"Routine Brake",1.2
"MAINT00000128","Transmission",3156.71,"Emergency Transmission",0.6
"MAINT00000129","Brake",1026.65,"Emergency Brake",3.6
"MAINT00000130","Repair",1503.57,"Scheduled Repair",2.9
"MAINT00000131","Inspection",548.85,"Routine Inspection",5.7
"MAINT00000132","Preventive",2914.12,"Emergency Preventive",1.0
"MAINT00000133","Transmission",1734.49,"Routine Transmission",7.2
"MAINT00000134","Preventive",748.63,"Emergency Preventive",3.7
"MAINT00000135","Inspection",568.87,"Emergency Inspection",5.3
"MAINT00000136","Brake",215.32,"Routine Brake",1.0
"MAINT00000137","Preventive",509.98,"Routine Preventive",1.0
"MAINT00000138","Transmission",2830.98,"Emergency Transmission",2.6
"MAINT00000139","Tire",1597.03,"Emergency Tire",2.5
"MAINT00000140","Tire",1699.76,"Routine Tire",3.0
"MAINT00000141","Inspection",602.10,"Scheduled Inspection",5.5
"MAINT00000142","Transmission",1628.00,"Emergency Transmission",6.4
"MAINT00000143","Preventive",1189.46,"Scheduled Preventive",1.8
"MAINT00000144","Engine",1613.25,"Emergency Engine",4.1
"MAINT00000145","Brake",3811.40,"Scheduled Brake",5.5
"MAINT00000146","Tire",2126.05,"Emergency Tire",4.6
"MAINT00000147","Engine",2510.00,"Scheduled Engine",7.5
"MAINT00000148","Transmission",1528.39,"Scheduled Transmission",1.3
"MAINT00000149","Repair",2301.34,"Scheduled Repair",3.4
"MAINT00000150","Repair",3385.38,"Routine Repair",2.4
"MAINT00000151","Preventive",2716.33,"Emergency Preventive",2.5
"MAINT00000152","Engine",2323.46,"Routine Engine",5.3
"MAINT00000153","Repair",708.34,"Emergency Repair",5.0
"MAINT00000154","Inspection",609.94,"Scheduled Inspection",4.8
"MAINT00000155","Inspection",630.05,"Scheduled Inspection",4.8
"MAINT00000156","Tire",2295.18,"Scheduled Tire",6.2
"MAINT00000157","Inspection",207.89,"Routine Inspection",1.3
"MAINT00000158","Tire",1209.77,"Emergency Tire",2.5
"MAINT00000159","Preventive",1291.95,"Routine Preventive",0.6
"MAINT00000160","Repair",3374.40,"Emergency Repair",0.7
"MAINT00000161","Repair",2223.95,"Emergency Repair",7.6
"MAINT00000162","Transmission",1750.87,"Scheduled Transmission",2.2
"MAINT00000163","Tire",3176.02,"Scheduled Tire",2.8
"MAINT00000164","Repair",1056.84,"Scheduled Repair",4.5
"MAINT00000165","Inspection",235.03,"Routine Inspection",1.9
"MAINT00000166","Repair",3581.25,"Routine Repair",2.3
"MAINT00000167","Transmission",1555.95,"Routine Transmission",5.5
"MAINT00000168","Repair",857.58,"Scheduled Repair",6.3
"MAINT00000169","Brake",1511.86,"Emergency Brake",3.7
"MAINT00000170","Inspection",145.09,"Scheduled Inspection",0.5
"MAINT00000171","Brake",1684.79,"Scheduled Brake",7.6
"MAINT00000172","Tire",1287.30,"Scheduled Tire",7.6
"MAINT00000173","Tire",1118.64,"Emergency Tire",1.4
"MAINT00000174","Tire",3466.12,"Routine Tire",7.7
"MAINT00000175","Transmission",744.27,"Emergency Transmission",3.0
"MAINT00000176","Preventive",801.71,"Routine Preventive",6.4
"MAINT00000177","Preventive",2635.17,"Scheduled Preventive",4.3
"MAINT00000178","Tire",4058.61,"Routine Tire",7.1
"MAINT00000179","Preventive",3014.22,"Routine Preventive",0.9
"MAINT00000180","Inspection",224.87,"Routine Inspection",1.8
"MAINT00000181","Engine",3752.01,"Scheduled Engine",6.8
"MAINT00000182","Tire",1027.43,"Scheduled Tire",6.5
"MAINT00000183","Preventive",2157.86,"Scheduled Preventive",6.2
"MAINT00000184","Preventive",2722.09,"Emergency Preventive",6.4
"MAINT00000185","Inspection",401.77,"Scheduled Inspection",2.9
"MAINT00000186","Inspection",719.55,"Scheduled Inspection",7.2
"MAINT00000187","Tire",1326.11,"Emergency Tire",4.8
"MAINT00000188","Repair",3087.51,"Scheduled Repair",6.7
"MAINT00000189","Transmission",1533.80,"Routine Transmission",2.6
"MAINT00000190","Engine",1189.00,"Routine Engine",5.4
"MAINT00000191","Transmission",1947.85,"Routine Transmission",1.0
"MAINT00000192","Brake",2987.38,"Emergency Brake",7.7
"MAINT00000193","Repair",2667.13,"Routine Repair",2.1
"MAINT00000194","Tire",603.94,"Emergency Tire",1.5
"MAINT00000195","Repair",577.08,"Emergency Repair",4.4
"MAINT00000196","Repair",3784.30,"Scheduled Repair",2.9
"MAINT00000197","Preventive",2224.99,"Scheduled Preventive",5.1
"MAINT00000198","Tire",3077.79,"Emergency Tire",6.0
"MAINT00000199","Brake",3757.84,"Scheduled Brake",5.2
"MAINT00000200","Inspection",511.40,"Scheduled Inspection",3.1
"MAINT00000201","Tire",3727.41,"Emergency Tire",5.2
"MAINT00000202","Repair",2684.51,"Routine Repair",0.6
"MAINT00000203","Brake",2096.69,"Scheduled Brake",1.0
"MAINT00000204","Tire",3077.56,"Emergency Tire",2.3
"MAINT00000205","Brake",1218.60,"Scheduled Brake",0.9
"MAINT00000206","Tire",2784.51,"Routine Tire",2.2
"MAINT00000207","Inspection",505.92,"Routine Inspection",5.3
"MAINT00000208","Engine",1591.12,"Emergency Engine",5.1
"MAINT00000209","Repair",2440.74,"Emergency Repair",1.1
"MAINT00000210","Repair",1483.30,"Routine Repair",6.5
"MAINT00000211","Tire",2111.50,"Emergency Tire",2.4
"MAINT00000212","Repair",3228.01,"Routine Repair",4.1
"MAINT00000213","Repair",587.52,"Routine Repair",3.5
"MAINT00000214","Engine",2918.20,"Scheduled Engine",3.1
"MAINT00000215","Tire",2113.73,"Emergency Tire",4.8
"MAINT00000216","Transmission",2654.74,"Routine Transmission",4.2
"MAINT00000217","Tire",2306.72,"Emergency Tire",0.8
"MAINT00000218","Brake",2531.41,"Scheduled Brake",7.0
"MAINT00000219","Brake",3785.74,"Emergency Brake",3.0
"MAINT00000220","Engine",828.21,"Routine Engine",7.5
"MAINT00000221","Engine",3544.06,"Scheduled Engine",6.8
"MAINT00000222","Engine",3289.80,"Emergency Engine",1.9
"MAINT00000223","Tire",566.96,"Scheduled Tire",2.9
"MAINT00000224","Transmission",1655.45,"Routine Transmission",1.9
"MAINT00000225","Inspection",475.87,"Scheduled Inspection",2.8
"MAINT00000226","Tire",2651.89,"Scheduled Tire",5.4
"MAINT00000227","Brake",3806.22,"Scheduled Brake",6.6
"MAINT00000228","Brake",657.59,"Scheduled Brake",2.1
"MAINT00000229","Engine",2081.52,"Emergency Engine",2.0
"MAINT00000230","Brake",3034.44,"Scheduled Brake",5.9
"MAINT00000231","Transmission",3433.03,"Scheduled Transmission",3.3
"MAINT00000232","Transmission",1815.56,"Scheduled Transmission",5.1
"MAINT00000233","Inspection",669.71,"Routine Inspection",6.7
"MAINT00000234","Inspection",955.69,"Emergency Inspection",7.7
"MAINT00000235","Preventive",3571.88,"Scheduled Preventive",4.7
"MAINT00000236","Engine",1042.05,"Emergency Engine",8.0
"MAINT00000237","Brake",4058.85,"Routine Brake",6.3
"MAINT00000238","Preventive",3349.42,"Emergency Preventive",1.8
"MAINT00000239","Inspection",460.57,"Scheduled Inspection",3.4
"MAINT00000240","Repair",3025.67,"Routine Repair",6.9
"MAINT00000241","Inspection",526.48,"Emergency Inspection",5.5
"MAINT00000242","Preventive",1760.22,"Routine Preventive",6.5
"MAINT00000243","Tire",3695.51,"Scheduled Tire",5.3
"MAINT00000244","Inspection",291.34,"Routine Inspection",2.5
"MAINT00000245","Brake",872.80,"Scheduled Brake",6.0
"MAINT00000246","Inspection",468.91,"Scheduled Inspection",3.6
"MAINT00000247","Brake",2303.30,"Scheduled Brake",0.8
"MAINT00000248","Inspection",178.11,"Routine Inspection",0.8
"MAINT00000249","Preventive",1585.12,"Scheduled Preventive",6.3
"MAINT00000250","Repair",2754.69,"Routine Repair",6.8
"MAINT00000251","Inspection",397.85,"Scheduled Inspection",3.2
"MAINT00000252","Repair",3368.06,"Routine Repair",0.6
"MAINT00000253","Engine",1533.56,"Routine Engine",7.7
"MAINT00000254","Tire",1125.28,"Scheduled Tire",7.0
"MAINT00000255","Brake",3256.81,"Routine Brake",0.6
"MAINT00000256","Preventive",3486.82,"Emergency Preventive",0.7
"MAINT00000257","Engine",3096.22,"Routine Engine",2.3
"MAINT00000258","Brake",1670.83,"Emergency Brake",4.1
"MAINT00000259","Tire",559.43,"Emergency Tire",2.9
"MAINT00000260","Tire",872.93,"Emergency Tire",1.5
"MAINT00000261","Engine",491.84,"Emergency Engine",1.4
"MAINT00000262","Inspection",964.43,"Scheduled Inspection",7.2
"MAINT00000263","Tire",3250.63,"Routine Tire",0.6
"MAINT00000264","Brake",3676.37,"Routine Brake",5.2
"MAINT00000265","Repair",873.91,"Routine Repair",1.7
"MAINT00000266","Engine",462.10,"Scheduled Engine",2.5
"MAINT00000267","Brake",361.82,"Routine Brake",0.6
"MAINT00000268","Tire",1454.04,"Routine Tire",4.6
"MAINT00000269","Engine",3561.52,"Emergency Engine",3.3
"MAINT00000270","Engine",3983.59,"Routine Engine",6.8
"MAINT00000271","Preventive",3152.29,"Emergency Preventive",4.9
"MAINT00000272","Engine",2601.14,"Emergency Engine",5.2
"MAINT00000273","Preventive",600.16,"Scheduled Preventive",1.0
"MAINT00000274","Repair",2634.60,"Emergency Repair",4.2
"MAINT00000275","Inspection",331.08,"Scheduled Inspection",2.5
"MAINT00000276","Preventive",1837.14,"Emergency Preventive",1.6
"MAINT00000277","Tire",3766.33,"Routine Tire",6.9
"MAINT00000278","Inspection",791.80,"Routine Inspection",7.9
"MAINT00000279","Transmission",2608.15,"Scheduled Transmission",4.6
"MAINT00000280","Brake",3798.16,"Scheduled Brake",5.2
"MAINT00000281","Transmission",1463.16,"Emergency Transmission",1.7
"MAINT00000282","Preventive",3605.46,"Emergency Preventive",5.5
"MAINT00000283","Tire",1702.36,"Emergency Tire",6.0
"MAINT00000284","Repair",2703.20,"Emergency Repair",4.3
"MAINT00000285","Inspection",605.08,"Routine Inspection",6.0
"MAINT00000286","Transmission",3081.14,"Scheduled Transmission",4.8
"MAINT00000287","Engine",2925.97,"Scheduled Engine",5.0
"MAINT00000288","Tire",1127.03,"Emergency Tire",3.9
"MAINT00000289","Preventive",926.43,"Routine Preventive",6.2
"MAINT00000290","Engine",725.16,"Routine Engine",3.5
"MAINT00000291","Tire",2517.09,"Emergency Tire",3.4
"MAINT00000292","Repair",2750.56,"Emergency Repair",7.2
"MAINT00000293","Preventive",1071.81,"Scheduled Preventive",4.2
"MAINT00000294","Transmission",2172.77,"Emergency Transmission",2.6
"MAINT00000295","Engine",2410.51,"Routine Engine",4.5
"MAINT00000296","Repair",1891.01,"Emergency Repair",7.2
"MAINT00000297","Tire",3728.02,"Routine Tire",5.8
"MAINT00000298","Repair",2481.09,"Scheduled Repair",3.7
"MAINT00000299","Repair",1169.72,"Scheduled Repair",4.9
"MAINT00000300","Preventive",3507.32,"Emergency Preventive",0.5
"MAINT00000301","Inspection",442.05,"Routine Inspection",3.7
"MAINT00000302","Inspection",456.09,"Scheduled Inspection",2.9
"MAINT00000303","Preventive",3597.08,"Routine Preventive",3.5
"MAINT00000304","Preventive",2344.03,"Scheduled Preventive",5.7
"MAINT00000305","Tire",2612.67,"Routine Tire",0.6
"MAINT00000306","Preventive",3648.55,"Emergency Preventive",2.4
"MAINT00000307","Transmission",1187.03,"Scheduled Transmission",5.4
"MAINT00000308","Engine",3383.90,"Scheduled Engine",4.2
"MAINT00000309","Engine",2843.68,"Emergency Engine",2.0
"MAINT00000310","Tire",4024.54,"Scheduled Tire",7.1
"MAINT00000311","Tire",3681.29,"Emergency Tire",6.0
"MAINT00000312","Brake",2441.04,"Routine Brake",4.7
"MAINT00000313","Transmission",2728.90,"Scheduled Transmission",2.5
"MAINT00000314","Transmission",2029.72,"Emergency Transmission",2.3
"MAINT00000315","Transmission",2791.96,"Emergency Transmission",1.8
"MAINT00000316","Engine",906.19,"Emergency Engine",2.3
"MAINT00000317","Inspection",334.83,"Scheduled Inspection",3.0
"MAINT00000318","Preventive",1804.46,"Emergency Preventive",5.7
"MAINT00000319","Preventive",3367.52,"Scheduled Preventive",0.9
"MAINT00000320","Brake",1771.92,"Emergency Brake",7.1
"MAINT00000321","Tire",3077.40,"Routine Tire",3.5
"MAINT00000322","Transmission",3819.00,"Emergency Transmission",3.2
"MAINT00000323","Repair",1958.63,"Routine Repair",2.1
"MAINT00000324","Inspection",860.85,"Emergency Inspection",8.0
"MAINT00000325","Engine",3557.84,"Scheduled Engine",0.8
"MAINT00000326","Repair",811.15,"Scheduled Repair",2.3
"MAINT00000327","Inspection",212.53,"Scheduled Inspection",1.6
"MAINT00000328","Engine",1482.57,"Scheduled Engine",3.2
"MAINT00000329","Inspection",729.57,"Scheduled Inspection",6.5
"MAINT00000330","Repair",3107.70,"Emergency Repair",6.5
"MAINT00000331","Inspection",907.86,"Scheduled Inspection",7.6
"MAINT00000332","Preventive",884.84,"Scheduled Preventive",7.2
"MAINT00000333","Repair",1623.62,"Routine Repair",5.9
"MAINT00000334","Preventive",2759.85,"Emergency Preventive",6.9
"MAINT00000335","Engine",3439.84,"Routine Engine",3.3
"MAINT00000336","Tire",4009.01,"Scheduled Tire",6.5
"MAINT00000337","Tire",308.59,"Scheduled Tire",1.3
"MAINT00000338","Brake",1056.08,"Emergency Brake",4.4
"MAINT00000339","Inspection",198.16,"Emergency Inspection",0.7
"MAINT00000340","Repair",2918.43,"Emergency Repair",4.6
"MAINT00000341","Repair",2898.92,"Scheduled Repair",6.9
"MAINT00000342","Transmission",1730.84,"Routine Transmission",1.3
"MAINT00000343","Preventive",2487.22,"Emergency Preventive",7.0
"MAINT00000344","Preventive",2054.16,"Scheduled Preventive",7.0
"MAINT00000345","Transmission",2180.51,"Emergency Transmission",2.1
"MAINT00000346","Transmission",1336.58,"Scheduled Transmission",4.3
"MAINT00000347","Repair",1099.50,"Emergency Repair",4.5
"MAINT00000348","Transmission",3392.61,"Emergency Transmission",4.2
"MAINT00000467","Engine",3857.57,"Routine Engine",5.8
"MAINT00000349","Inspection",199.51,"Emergency Inspection",0.9
"MAINT00000350","Tire",3436.14,"Emergency Tire",2.0
"MAINT00000351","Inspection",558.42,"Routine Inspection",3.5
"MAINT00000352","Inspection",216.42,"Routine Inspection",1.9
"MAINT00000353","Repair",2152.50,"Routine Repair",3.4
"MAINT00000354","Repair",2708.15,"Routine Repair",2.3
"MAINT00000355","Tire",3569.51,"Routine Tire",5.8
"MAINT00000356","Engine",1481.89,"Emergency Engine",4.0
"MAINT00000357","Engine",310.52,"Scheduled Engine",2.3
"MAINT00000358","Tire",614.11,"Routine Tire",1.4
"MAINT00000359","Inspection",390.52,"Scheduled Inspection",3.0
"MAINT00000360","Engine",2641.83,"Scheduled Engine",2.1
"MAINT00000361","Repair",924.29,"Scheduled Repair",6.8
"MAINT00000362","Engine",4004.55,"Scheduled Engine",6.5
"MAINT00000363","Repair",1329.79,"Scheduled Repair",7.4
"MAINT00000364","Engine",1321.44,"Emergency Engine",6.1
"MAINT00000365","Transmission",841.19,"Emergency Transmission",4.0
"MAINT00000366","Preventive",1969.42,"Routine Preventive",5.4
"MAINT00000367","Repair",860.06,"Emergency Repair",2.8
"MAINT00000368","Engine",637.99,"Emergency Engine",4.4
"MAINT00000369","Tire",3401.45,"Routine Tire",1.5
"MAINT00000370","Preventive",2048.98,"Emergency Preventive",2.5
"MAINT00000371","Tire",2338.24,"Emergency Tire",7.2
"MAINT00000372","Tire",3344.06,"Scheduled Tire",3.5
"MAINT00000373","Engine",2616.86,"Scheduled Engine",1.6
"MAINT00000374","Tire",2707.42,"Scheduled Tire",5.5
"MAINT00000375","Transmission",1626.43,"Emergency Transmission",0.5
"MAINT00000376","Preventive",3247.28,"Routine Preventive",2.8
"MAINT00000377","Preventive",3647.88,"Emergency Preventive",1.7
"MAINT00000378","Inspection",514.32,"Routine Inspection",4.1
"MAINT00000379","Transmission",2019.42,"Routine Transmission",3.8
"MAINT00000380","Engine",2581.54,"Scheduled Engine",3.7
"MAINT00000381","Engine",1119.50,"Scheduled Engine",2.0
"MAINT00000382","Inspection",402.35,"Routine Inspection",3.0
"MAINT00000383","Brake",3538.98,"Routine Brake",2.7
"MAINT00000384","Brake",3178.02,"Scheduled Brake",1.2
"MAINT00000385","Tire",1040.63,"Routine Tire",4.8
"MAINT00000386","Inspection",719.71,"Scheduled Inspection",6.0
"MAINT00000387","Tire",3219.88,"Routine Tire",5.3
"MAINT00000388","Preventive",359.11,"Routine Preventive",2.9
"MAINT00000389","Preventive",2206.50,"Emergency Preventive",7.9
"MAINT00000390","Brake",3123.42,"Emergency Brake",1.9
"MAINT00000391","Engine",1426.64,"Emergency Engine",6.3
"MAINT00000392","Preventive",3034.89,"Emergency Preventive",6.4
"MAINT00000393","Repair",2705.88,"Routine Repair",5.8
"MAINT00000394","Tire",824.36,"Routine Tire",3.7
"MAINT00000395","Tire",3540.62,"Routine Tire",5.2
"MAINT00000396","Preventive",3769.36,"Emergency Preventive",5.4
"MAINT00000397","Brake",873.31,"Routine Brake",1.3
"MAINT00000398","Transmission",2407.06,"Emergency Transmission",6.1
"MAINT00000399","Preventive",2183.96,"Emergency Preventive",7.3
"MAINT00000400","Engine",2486.58,"Routine Engine",6.3
"MAINT00000401","Engine",3013.93,"Scheduled Engine",4.7
"MAINT00000402","Inspection",346.36,"Scheduled Inspection",3.1
"MAINT00000403","Repair",3336.36,"Routine Repair",2.2
"MAINT00000404","Preventive",793.07,"Routine Preventive",5.1
"MAINT00000405","Inspection",381.07,"Emergency Inspection",2.8
"MAINT00000406","Inspection",457.44,"Routine Inspection",3.9
"MAINT00000407","Tire",1221.49,"Emergency Tire",0.7
"MAINT00000408","Engine",646.95,"Scheduled Engine",1.1
"MAINT00000409","Preventive",3265.36,"Routine Preventive",2.9
"MAINT00000410","Repair",984.28,"Scheduled Repair",2.6
"MAINT00000411","Repair",2964.92,"Emergency Repair",0.6
"MAINT00000412","Repair",3745.74,"Routine Repair",6.4
"MAINT00000413","Engine",2039.87,"Emergency Engine",2.0
"MAINT00000414","Transmission",2242.57,"Scheduled Transmission",1.7
"MAINT00000415","Engine",1707.79,"Scheduled Engine",7.7
"MAINT00000416","Transmission",966.16,"Routine Transmission",5.3
"MAINT00000417","Repair",2231.44,"Emergency Repair",2.6
"MAINT00000418","Engine",3217.83,"Scheduled Engine",5.3
"MAINT00000419","Inspection",486.42,"Scheduled Inspection",3.2
"MAINT00000420","Engine",1919.67,"Emergency Engine",1.5
"MAINT00000421","Transmission",1546.66,"Emergency Transmission",1.0
"MAINT00000422","Tire",2102.84,"Scheduled Tire",6.9
"MAINT00000423","Engine",1039.52,"Scheduled Engine",4.2
"MAINT00000424","Repair",4240.05,"Scheduled Repair",7.3
"MAINT00000425","Repair",1302.33,"Routine Repair",3.8
"MAINT00000426","Transmission",2577.38,"Emergency Transmission",5.8
"MAINT00000427","Transmission",2130.33,"Emergency Transmission",4.0
"MAINT00000428","Brake",2949.24,"Emergency Brake",6.4
"MAINT00000429","Engine",718.27,"Emergency Engine",5.1
"MAINT00000430","Repair",3164.88,"Routine Repair",2.8
"MAINT00000431","Repair",3045.36,"Scheduled Repair",7.7
"MAINT00000432","Brake",2671.78,"Emergency Brake",1.9
"MAINT00000433","Inspection",819.32,"Routine Inspection",5.7
"MAINT00000434","Preventive",2139.11,"Routine Preventive",0.7
"MAINT00000435","Repair",1371.27,"Routine Repair",6.6
"MAINT00000436","Tire",3210.62,"Scheduled Tire",5.1
"MAINT00000437","Brake",2517.89,"Scheduled Brake",6.0
"MAINT00000438","Tire",2722.27,"Scheduled Tire",0.8
"MAINT00000439","Tire",3674.42,"Scheduled Tire",7.6
"MAINT00000440","Repair",2078.65,"Emergency Repair",5.5
"MAINT00000441","Repair",1314.48,"Scheduled Repair",3.3
"MAINT00000442","Inspection",90.15,"Routine Inspection",0.7
"MAINT00000443","Transmission",2167.10,"Routine Transmission",0.6
"MAINT00000444","Transmission",2204.77,"Scheduled Transmission",6.5
"MAINT00000445","Repair",1781.65,"Scheduled Repair",6.2
"MAINT00000446","Repair",4113.73,"Scheduled Repair",6.9
"MAINT00000447","Tire",561.60,"Scheduled Tire",3.3
"MAINT00000448","Tire",2037.18,"Emergency Tire",7.8
"MAINT00000449","Tire",890.42,"Scheduled Tire",0.6
"MAINT00000450","Brake",2728.10,"Routine Brake",2.6
"MAINT00000451","Repair",1411.24,"Emergency Repair",3.9
"MAINT00000452","Brake",2777.72,"Scheduled Brake",6.7
"MAINT00000453","Preventive",2134.28,"Routine Preventive",5.2
"MAINT00000454","Engine",1709.66,"Emergency Engine",6.9
"MAINT00000455","Tire",369.51,"Scheduled Tire",2.1
"MAINT00000456","Inspection",457.82,"Emergency Inspection",4.7
"MAINT00000457","Engine",3511.52,"Routine Engine",4.4
"MAINT00000458","Repair",2056.87,"Scheduled Repair",4.3
"MAINT00000459","Brake",2861.08,"Scheduled Brake",0.9
"MAINT00000460","Tire",2376.55,"Emergency Tire",5.3
"MAINT00000461","Tire",3392.14,"Emergency Tire",2.4
"MAINT00000462","Brake",580.79,"Routine Brake",1.2
"MAINT00000463","Preventive",2266.69,"Emergency Preventive",3.6
"MAINT00000464","Tire",3750.22,"Routine Tire",4.1
"MAINT00000465","Tire",3481.84,"Scheduled Tire",3.9
"MAINT00000466","Repair",856.63,"Routine Repair",4.0
"MAINT00000468","Preventive",2218.18,"Emergency Preventive",5.6
"MAINT00000469","Repair",1835.99,"Emergency Repair",1.8
"MAINT00000470","Tire",2780.31,"Emergency Tire",1.5
"MAINT00000471","Preventive",1749.24,"Routine Preventive",5.1
"MAINT00000472","Inspection",447.82,"Routine Inspection",3.9
"MAINT00000473","Inspection",440.14,"Routine Inspection",3.2
"MAINT00000474","Preventive",1677.09,"Routine Preventive",5.6
"MAINT00000475","Repair",3139.37,"Scheduled Repair",5.5
"MAINT00000476","Engine",568.34,"Scheduled Engine",1.1
"MAINT00000477","Brake",1652.76,"Emergency Brake",2.4
"MAINT00000478","Engine",651.00,"Emergency Engine",2.2
"MAINT00000479","Brake",1649.74,"Emergency Brake",2.1
"MAINT00000480","Transmission",2960.59,"Scheduled Transmission",4.1
"MAINT00000481","Preventive",3204.96,"Routine Preventive",3.4
"MAINT00000482","Tire",3714.87,"Emergency Tire",2.8
"MAINT00000483","Tire",2671.34,"Emergency Tire",2.9
"MAINT00000484","Repair",2802.88,"Scheduled Repair",8.0
"MAINT00000485","Preventive",3943.40,"Emergency Preventive",7.8
"MAINT00000486","Tire",831.69,"Emergency Tire",5.8
"MAINT00000487","Inspection",394.46,"Routine Inspection",3.2
"MAINT00000488","Engine",2774.46,"Emergency Engine",5.2
"MAINT00000489","Tire",986.98,"Routine Tire",6.0
"MAINT00000490","Engine",871.02,"Scheduled Engine",3.2
"MAINT00000491","Repair",4011.97,"Emergency Repair",7.3
"MAINT00000492","Engine",2121.78,"Scheduled Engine",6.7
"MAINT00000493","Engine",1614.77,"Scheduled Engine",3.2
"MAINT00000494","Preventive",1421.98,"Routine Preventive",5.0
"MAINT00000495","Inspection",620.30,"Routine Inspection",4.5
"MAINT00000496","Transmission",1499.16,"Routine Transmission",5.1
"MAINT00000497","Repair",1366.47,"Routine Repair",5.2
"MAINT00000498","Repair",1077.68,"Scheduled Repair",4.5
"MAINT00000499","Tire",3040.53,"Routine Tire",7.1
"MAINT00000500","Engine",711.82,"Emergency Engine",0.5
"MAINT00000501","Engine",3304.99,"Emergency Engine",7.4
"MAINT00000502","Tire",626.26,"Scheduled Tire",1.1
"MAINT00000503","Tire",3855.85,"Routine Tire",5.7
"MAINT00000504","Transmission",2050.44,"Scheduled Transmission",5.4
"MAINT00000505","Engine",3783.32,"Emergency Engine",7.0
"MAINT00000506","Transmission",3400.23,"Routine Transmission",3.0
"MAINT00000507","Preventive",2497.53,"Emergency Preventive",1.0
"MAINT00000508","Inspection",307.60,"Scheduled Inspection",2.4
"MAINT00000509","Inspection",812.88,"Scheduled Inspection",6.9
"MAINT00000510","Tire",1514.36,"Routine Tire",0.6
"MAINT00000511","Repair",1055.28,"Routine Repair",2.9
"MAINT00000512","Repair",2052.18,"Scheduled Repair",3.0
"MAINT00000513","Brake",2986.96,"Emergency Brake",6.9
"MAINT00000514","Preventive",1029.53,"Routine Preventive",2.5
"MAINT00000515","Tire",641.85,"Scheduled Tire",3.8
"MAINT00000516","Engine",2591.64,"Routine Engine",5.3
"MAINT00000517","Brake",3412.09,"Emergency Brake",7.8
"MAINT00000518","Tire",1133.09,"Emergency Tire",6.0
"MAINT00000519","Preventive",1645.92,"Routine Preventive",1.3
"MAINT00000520","Inspection",60.82,"Scheduled Inspection",0.6
"MAINT00000521","Tire",2280.36,"Emergency Tire",1.1
"MAINT00000522","Preventive",572.32,"Routine Preventive",1.1
"MAINT00000523","Engine",601.92,"Scheduled Engine",2.6
"MAINT00000524","Brake",1295.19,"Scheduled Brake",5.3
"MAINT00000525","Repair",2365.61,"Emergency Repair",3.9
"MAINT00000526","Tire",2294.70,"Scheduled Tire",7.1
"MAINT00000527","Inspection",865.08,"Routine Inspection",7.1
"MAINT00000528","Repair",3518.68,"Routine Repair",3.7
"MAINT00000529","Engine",1498.04,"Emergency Engine",1.8
"MAINT00000530","Engine",1402.01,"Scheduled Engine",7.9
"MAINT00000531","Inspection",897.32,"Scheduled Inspection",7.0
"MAINT00000532","Inspection",247.87,"Emergency Inspection",1.4
"MAINT00000533","Engine",907.05,"Scheduled Engine",4.1
"MAINT00000534","Tire",1089.51,"Emergency Tire",5.7
"MAINT00000535","Brake",3350.47,"Emergency Brake",7.1
"MAINT00000536","Transmission",825.66,"Emergency Transmission",1.0
"MAINT00000537","Inspection",178.59,"Scheduled Inspection",1.4
"MAINT00000538","Tire",2644.93,"Routine Tire",4.1
"MAINT00000539","Inspection",735.98,"Emergency Inspection",6.5
"MAINT00000540","Transmission",1507.94,"Routine Transmission",4.3
"MAINT00000541","Preventive",2290.80,"Scheduled Preventive",7.7
"MAINT00000542","Transmission",2208.60,"Emergency Transmission",4.1
"MAINT00000543","Tire",3781.71,"Scheduled Tire",3.1
"MAINT00000544","Engine",3084.38,"Scheduled Engine",5.0
"MAINT00000545","Inspection",213.83,"Scheduled Inspection",0.7
"MAINT00000546","Preventive",573.13,"Emergency Preventive",2.8
"MAINT00000547","Repair",1044.46,"Routine Repair",5.8
"MAINT00000548","Inspection",556.84,"Scheduled Inspection",4.8
"MAINT00000549","Inspection",717.71,"Scheduled Inspection",5.8
"MAINT00000550","Brake",2000.87,"Routine Brake",1.2
"MAINT00000551","Brake",2163.70,"Emergency Brake",6.1
"MAINT00000552","Inspection",98.43,"Routine Inspection",0.5
"MAINT00000553","Engine",2544.17,"Emergency Engine",6.0
"MAINT00000554","Tire",1921.22,"Routine Tire",6.3
"MAINT00000555","Inspection",567.48,"Emergency Inspection",5.5
"MAINT00000556","Brake",1177.49,"Routine Brake",1.4
"MAINT00000557","Transmission",2001.28,"Scheduled Transmission",1.1
"MAINT00000558","Brake",1631.58,"Scheduled Brake",0.8
"MAINT00000559","Preventive",2511.13,"Scheduled Preventive",5.0
"MAINT00000560","Repair",1192.35,"Emergency Repair",3.0
"MAINT00000561","Brake",2559.47,"Routine Brake",4.6
"MAINT00000562","Brake",1321.79,"Emergency Brake",6.4
"MAINT00000563","Repair",3598.48,"Emergency Repair",4.8
"MAINT00000564","Transmission",497.86,"Routine Transmission",2.8
"MAINT00000565","Tire",3168.11,"Routine Tire",5.3
"MAINT00000566","Brake",1391.16,"Routine Brake",8.0
"MAINT00000567","Inspection",739.41,"Emergency Inspection",7.2
"MAINT00000568","Engine",1667.48,"Emergency Engine",3.1
"MAINT00000569","Tire",1692.12,"Scheduled Tire",4.1
"MAINT00000570","Tire",2518.83,"Routine Tire",6.4
"MAINT00000571","Inspection",719.96,"Routine Inspection",5.5
"MAINT00000572","Preventive",1777.01,"Emergency Preventive",4.5
"MAINT00000573","Inspection",677.63,"Scheduled Inspection",7.0
"MAINT00000574","Preventive",3863.96,"Scheduled Preventive",7.7
"MAINT00000575","Preventive",1257.36,"Routine Preventive",1.6
"MAINT00000576","Engine",1009.71,"Emergency Engine",7.2
"MAINT00000577","Tire",1022.92,"Scheduled Tire",4.0
"MAINT00000578","Transmission",2446.08,"Scheduled Transmission",6.9
"MAINT00000579","Transmission",2288.85,"Scheduled Transmission",2.1
"MAINT00000580","Brake",2843.70,"Scheduled Brake",1.8
"MAINT00000581","Preventive",3286.87,"Emergency Preventive",6.6
"MAINT00000582","Tire",2944.76,"Scheduled Tire",0.8
"MAINT00000583","Brake",3647.92,"Scheduled Brake",6.0
"MAINT00000584","Repair",2918.67,"Emergency Repair",4.6
"MAINT00000585","Repair",644.41,"Scheduled Repair",4.1
"MAINT00000586","Inspection",666.00,"Emergency Inspection",6.8
"MAINT00000587","Transmission",2040.22,"Emergency Transmission",1.2
"MAINT00000588","Inspection",408.64,"Routine Inspection",2.3
"MAINT00000589","Brake",4153.61,"Routine Brake",7.5
"MAINT00000590","Transmission",1535.61,"Routine Transmission",5.5
"MAINT00000591","Tire",1521.94,"Emergency Tire",7.7
"MAINT00000592","Inspection",853.86,"Emergency Inspection",6.5
"MAINT00000593","Tire",833.15,"Routine Tire",5.1
"MAINT00000594","Engine",1783.10,"Emergency Engine",5.5
"MAINT00000595","Transmission",547.27,"Routine Transmission",2.8
"MAINT00000596","Repair",2730.51,"Emergency Repair",4.7
"MAINT00000597","Brake",2478.26,"Scheduled Brake",7.4
"MAINT00000598","Preventive",3827.45,"Scheduled Preventive",4.8
"MAINT00000599","Engine",856.33,"Routine Engine",5.6
"MAINT00000600","Tire",1426.82,"Emergency Tire",1.4
"MAINT00000601","Inspection",819.78,"Emergency Inspection",7.1
"MAINT00000602","Transmission",3479.07,"Routine Transmission",7.3
"MAINT00000603","Transmission",2796.10,"Emergency Transmission",4.8
"MAINT00000604","Engine",3093.64,"Routine Engine",5.2
"MAINT00000605","Inspection",358.90,"Scheduled Inspection",2.2
"MAINT00000606","Transmission",1413.09,"Emergency Transmission",5.3
"MAINT00000607","Inspection",287.97,"Scheduled Inspection",1.7
"MAINT00000608","Inspection",382.57,"Emergency Inspection",2.9
"MAINT00000609","Engine",788.87,"Scheduled Engine",5.7
"MAINT00000610","Inspection",393.70,"Emergency Inspection",2.3
"MAINT00000611","Tire",3883.76,"Scheduled Tire",7.2
"MAINT00000612","Transmission",735.24,"Scheduled Transmission",1.7
"MAINT00000613","Inspection",168.48,"Routine Inspection",0.6
"MAINT00000614","Transmission",452.85,"Emergency Transmission",1.9
"MAINT00000615","Engine",1879.96,"Emergency Engine",5.5
"MAINT00000616","Tire",955.80,"Scheduled Tire",7.1
"MAINT00000617","Transmission",3214.60,"Scheduled Transmission",3.4
"MAINT00000618","Repair",1677.63,"Scheduled Repair",4.2
"MAINT00000619","Brake",2995.56,"Emergency Brake",6.6
"MAINT00000620","Tire",2385.94,"Scheduled Tire",3.9
"MAINT00000621","Repair",1998.57,"Routine Repair",3.6
"MAINT00000622","Repair",3193.05,"Routine Repair",5.3
"MAINT00000623","Repair",3473.04,"Scheduled Repair",2.3
"MAINT00000624","Transmission",910.17,"Scheduled Transmission",5.4
"MAINT00000625","Engine",3389.14,"Scheduled Engine",3.8
"MAINT00000626","Preventive",2613.09,"Emergency Preventive",5.8
"MAINT00000627","Transmission",2218.85,"Emergency Transmission",7.2
"MAINT00000628","Preventive",2680.95,"Emergency Preventive",7.7
"MAINT00000629","Transmission",1370.82,"Routine Transmission",2.8
"MAINT00000630","Repair",3035.49,"Emergency Repair",0.6
"MAINT00000631","Inspection",760.26,"Emergency Inspection",5.9
"MAINT00000632","Tire",1781.87,"Routine Tire",2.3
"MAINT00000633","Transmission",2424.08,"Routine Transmission",1.0
"MAINT00000634","Repair",1658.17,"Scheduled Repair",7.2
"MAINT00000635","Preventive",619.77,"Scheduled Preventive",4.0
"MAINT00000636","Tire",2098.57,"Emergency Tire",2.5
"MAINT00000637","Inspection",861.58,"Emergency Inspection",6.9
"MAINT00000638","Repair",3514.84,"Scheduled Repair",1.0
"MAINT00000639","Repair",4032.01,"Routine Repair",7.2
"MAINT00000640","Transmission",2585.92,"Routine Transmission",2.8
"MAINT00000641","Repair",3467.23,"Emergency Repair",5.6
"MAINT00000642","Repair",1540.13,"Emergency Repair",0.8
"MAINT00000643","Engine",2059.84,"Scheduled Engine",5.3
"MAINT00000644","Engine",873.82,"Scheduled Engine",1.0
"MAINT00000645","Transmission",1401.93,"Routine Transmission",4.0
"MAINT00000646","Preventive",3380.20,"Emergency Preventive",5.3
"MAINT00000647","Tire",4048.75,"Emergency Tire",5.9
"MAINT00000648","Preventive",4111.57,"Routine Preventive",6.5
"MAINT00000649","Repair",1826.25,"Emergency Repair",1.4
"MAINT00000650","Repair",2750.21,"Scheduled Repair",1.1
"MAINT00000651","Inspection",392.20,"Emergency Inspection",3.7
"MAINT00000652","Tire",3827.49,"Emergency Tire",4.5
"MAINT00000653","Tire",2023.54,"Emergency Tire",1.4
"MAINT00000654","Repair",3406.09,"Emergency Repair",3.9
"MAINT00000655","Preventive",1955.98,"Scheduled Preventive",7.4
"MAINT00000656","Inspection",477.82,"Emergency Inspection",3.6
"MAINT00000657","Preventive",3204.54,"Scheduled Preventive",7.9
"MAINT00000658","Preventive",879.82,"Routine Preventive",1.3
"MAINT00000659","Brake",3739.78,"Emergency Brake",3.3
"MAINT00000660","Tire",3402.30,"Scheduled Tire",6.9
"MAINT00000661","Inspection",706.93,"Emergency Inspection",5.5
"MAINT00000662","Tire",2227.85,"Routine Tire",5.2
"MAINT00000663","Transmission",2272.78,"Scheduled Transmission",5.3
"MAINT00000664","Engine",1778.00,"Routine Engine",4.0
"MAINT00000665","Transmission",422.36,"Emergency Transmission",3.2
"MAINT00000666","Transmission",2759.81,"Routine Transmission",1.2
"MAINT00000667","Repair",1114.84,"Routine Repair",6.5
"MAINT00000668","Preventive",1580.56,"Scheduled Preventive",4.2
"MAINT00000669","Tire",702.34,"Scheduled Tire",4.2
"MAINT00000670","Brake",782.55,"Emergency Brake",0.5
"MAINT00000671","Tire",2480.51,"Emergency Tire",0.8
"MAINT00000672","Inspection",964.91,"Scheduled Inspection",7.7
"MAINT00000673","Inspection",843.81,"Scheduled Inspection",6.9
"MAINT00000674","Repair",2058.05,"Scheduled Repair",0.8
"MAINT00000675","Inspection",257.42,"Scheduled Inspection",1.8
"MAINT00000676","Transmission",3515.21,"Scheduled Transmission",6.5
"MAINT00000677","Engine",1946.30,"Scheduled Engine",4.6
"MAINT00000678","Preventive",2112.02,"Routine Preventive",1.3
"MAINT00000679","Engine",3760.54,"Routine Engine",5.4
"MAINT00000680","Preventive",668.39,"Emergency Preventive",2.3
"MAINT00000681","Transmission",1046.74,"Emergency Transmission",4.4
"MAINT00000682","Transmission",3164.51,"Routine Transmission",0.6
"MAINT00000683","Preventive",1538.43,"Routine Preventive",3.9
"MAINT00000684","Tire",1757.36,"Routine Tire",2.6
"MAINT00000685","Repair",3091.41,"Routine Repair",7.9
"MAINT00000686","Transmission",3263.63,"Scheduled Transmission",0.9
"MAINT00000687","Brake",1053.80,"Scheduled Brake",4.4
"MAINT00000688","Repair",2371.10,"Emergency Repair",6.9
"MAINT00000689","Transmission",555.80,"Scheduled Transmission",2.6
"MAINT00000690","Tire",3509.74,"Routine Tire",5.2
"MAINT00000691","Transmission",827.74,"Emergency Transmission",1.0
"MAINT00000692","Tire",3349.83,"Scheduled Tire",7.8
"MAINT00000693","Transmission",1563.20,"Routine Transmission",2.3
"MAINT00000694","Tire",3188.83,"Emergency Tire",1.4
"MAINT00000695","Brake",1573.53,"Routine Brake",5.8
"MAINT00000696","Tire",2366.70,"Emergency Tire",5.4
"MAINT00000697","Brake",1249.06,"Emergency Brake",6.5
"MAINT00000698","Tire",1001.47,"Emergency Tire",4.2
"MAINT00000699","Engine",829.45,"Emergency Engine",5.1
"MAINT00000700","Engine",3562.33,"Routine Engine",6.0
"MAINT00000701","Transmission",1631.81,"Emergency Transmission",2.6
"MAINT00000702","Brake",3372.41,"Emergency Brake",6.3
"MAINT00000703","Brake",3609.79,"Scheduled Brake",2.9
"MAINT00000704","Transmission",3208.55,"Scheduled Transmission",4.0
"MAINT00000705","Tire",317.79,"Emergency Tire",0.8
"MAINT00000706","Inspection",294.86,"Scheduled Inspection",2.2
"MAINT00000707","Engine",1763.78,"Routine Engine",2.7
"MAINT00000708","Inspection",506.01,"Routine Inspection",4.4
"MAINT00000709","Repair",899.21,"Emergency Repair",7.3
"MAINT00000710","Transmission",1461.77,"Routine Transmission",4.4
"MAINT00000711","Tire",1720.32,"Emergency Tire",5.6
"MAINT00000712","Brake",3880.38,"Routine Brake",7.4
"MAINT00000713","Tire",1520.12,"Routine Tire",5.6
"MAINT00000714","Repair",1117.13,"Emergency Repair",7.0
"MAINT00000715","Repair",2418.79,"Scheduled Repair",7.0
"MAINT00000716","Repair",3053.08,"Emergency Repair",3.6
"MAINT00000717","Transmission",1937.59,"Emergency Transmission",1.9
"MAINT00000718","Tire",1712.64,"Scheduled Tire",7.2
"MAINT00000719","Transmission",1389.10,"Emergency Transmission",3.4
"MAINT00000720","Inspection",314.39,"Emergency Inspection",2.6
"MAINT00000721","Brake",2018.29,"Emergency Brake",6.5
"MAINT00000722","Inspection",590.96,"Emergency Inspection",4.7
"MAINT00000723","Transmission",2468.06,"Routine Transmission",1.9
"MAINT00000724","Repair",1664.40,"Emergency Repair",3.9
"MAINT00000725","Preventive",903.66,"Emergency Preventive",4.5
"MAINT00000726","Repair",3504.69,"Emergency Repair",0.7
"MAINT00000727","Brake",1358.21,"Scheduled Brake",2.1
"MAINT00000728","Engine",3564.46,"Scheduled Engine",6.6
"MAINT00000729","Repair",2930.09,"Emergency Repair",7.3
"MAINT00000730","Tire",1068.02,"Routine Tire",3.4
"MAINT00000731","Preventive",2023.53,"Emergency Preventive",5.8
"MAINT00000732","Tire",2578.33,"Emergency Tire",1.7
"MAINT00000733","Preventive",4121.21,"Emergency Preventive",7.0
"MAINT00000734","Tire",3175.43,"Routine Tire",2.1
"MAINT00000735","Engine",665.26,"Scheduled Engine",0.7
"MAINT00000736","Brake",2980.24,"Routine Brake",4.8
"MAINT00000737","Engine",3219.98,"Emergency Engine",3.9
"MAINT00000738","Inspection",715.06,"Emergency Inspection",5.3
"MAINT00000739","Inspection",893.02,"Scheduled Inspection",6.6
"MAINT00000740","Transmission",121.54,"Routine Transmission",0.7
"MAINT00000741","Tire",2998.86,"Scheduled Tire",1.7
"MAINT00000742","Repair",3740.55,"Emergency Repair",2.2
"MAINT00000743","Repair",623.09,"Emergency Repair",4.0
"MAINT00000744","Preventive",2164.12,"Emergency Preventive",6.3
"MAINT00000745","Tire",1794.04,"Routine Tire",4.6
"MAINT00000746","Tire",1069.20,"Scheduled Tire",4.6
"MAINT00000747","Inspection",588.02,"Scheduled Inspection",5.1
"MAINT00000748","Engine",2651.84,"Routine Engine",5.6
"MAINT00000749","Repair",3438.23,"Emergency Repair",4.5
"MAINT00000750","Inspection",489.08,"Routine Inspection",4.2
"MAINT00000751","Brake",1590.00,"Routine Brake",5.5
"MAINT00000752","Tire",575.69,"Scheduled Tire",3.0
"MAINT00000753","Preventive",1784.77,"Emergency Preventive",5.6
"MAINT00000754","Brake",1016.35,"Routine Brake",3.4
"MAINT00000755","Preventive",1162.47,"Scheduled Preventive",5.6
"MAINT00000756","Preventive",3143.84,"Routine Preventive",2.4
"MAINT00000757","Engine",2319.38,"Emergency Engine",4.8
"MAINT00000758","Engine",1293.04,"Routine Engine",3.1
"MAINT00000759","Tire",2586.53,"Emergency Tire",5.2
"MAINT00000760","Repair",3351.42,"Routine Repair",3.9
"MAINT00000761","Engine",2643.74,"Routine Engine",5.5
"MAINT00000762","Tire",3060.75,"Emergency Tire",4.7
"MAINT00000763","Transmission",2361.32,"Routine Transmission",3.9
"MAINT00000764","Inspection",783.33,"Routine Inspection",7.0
"MAINT00000765","Transmission",2524.28,"Routine Transmission",6.7
"MAINT00000766","Brake",4185.24,"Emergency Brake",6.6
"MAINT00000767","Preventive",1110.89,"Scheduled Preventive",1.2
"MAINT00000768","Repair",3559.83,"Routine Repair",7.1
"MAINT00000769","Inspection",297.94,"Emergency Inspection",2.4
"MAINT00000770","Tire",1352.40,"Routine Tire",4.1
"MAINT00000771","Inspection",209.61,"Emergency Inspection",1.2
"MAINT00000772","Engine",2984.35,"Emergency Engine",4.7
"MAINT00000773","Tire",1891.14,"Routine Tire",2.0
"MAINT00000774","Tire",493.09,"Scheduled Tire",2.4
"MAINT00000775","Tire",2990.13,"Routine Tire",2.2
"MAINT00000776","Preventive",1619.84,"Scheduled Preventive",3.5
"MAINT00000777","Repair",1928.63,"Routine Repair",1.1
"MAINT00000778","Transmission",1388.08,"Routine Transmission",6.2
"MAINT00000779","Tire",2552.07,"Emergency Tire",7.6
"MAINT00000780","Inspection",483.94,"Scheduled Inspection",4.1
"MAINT00000781","Transmission",3945.38,"Routine Transmission",6.7
"MAINT00000782","Repair",2560.59,"Emergency Repair",1.6
"MAINT00000783","Repair",3382.39,"Emergency Repair",0.5
"MAINT00000784","Tire",524.57,"Scheduled Tire",1.4
"MAINT00000785","Brake",3175.66,"Emergency Brake",3.6
"MAINT00000786","Tire",2768.44,"Scheduled Tire",0.6
"MAINT00000787","Preventive",1257.21,"Routine Preventive",2.0
"MAINT00000788","Inspection",482.95,"Scheduled Inspection",4.4
"MAINT00000789","Tire",774.16,"Routine Tire",1.7
"MAINT00000790","Preventive",2784.27,"Emergency Preventive",7.8
"MAINT00000791","Preventive",2132.21,"Routine Preventive",7.8
"MAINT00000792","Inspection",665.40,"Scheduled Inspection",5.0
"MAINT00000793","Engine",814.30,"Emergency Engine",3.3
"MAINT00000794","Tire",1644.78,"Scheduled Tire",7.3
"MAINT00000795","Engine",2157.94,"Scheduled Engine",3.0
"MAINT00000796","Brake",645.40,"Emergency Brake",1.2
"MAINT00000797","Inspection",412.26,"Routine Inspection",3.1
"MAINT00000798","Tire",3037.33,"Routine Tire",2.7
"MAINT00000799","Engine",2050.73,"Routine Engine",3.5
"MAINT00000800","Preventive",3205.85,"Routine Preventive",3.6
"MAINT00000801","Brake",938.85,"Routine Brake",4.4
"MAINT00000802","Inspection",209.01,"Emergency Inspection",1.3
"MAINT00000803","Brake",3357.16,"Emergency Brake",2.6
"MAINT00000804","Inspection",200.63,"Emergency Inspection",0.7
"MAINT00000805","Repair",1406.62,"Routine Repair",5.7
"MAINT00000806","Brake",1597.53,"Scheduled Brake",5.4
"MAINT00000807","Repair",2661.32,"Routine Repair",5.6
"MAINT00000808","Engine",2916.26,"Scheduled Engine",4.9
"MAINT00000809","Preventive",717.04,"Emergency Preventive",4.1
"MAINT00000810","Tire",2170.85,"Routine Tire",3.5
"MAINT00000811","Tire",851.83,"Routine Tire",6.7
"MAINT00000812","Engine",911.88,"Emergency Engine",1.5
"MAINT00000813","Repair",3055.34,"Routine Repair",6.1
"MAINT00000814","Preventive",1952.52,"Emergency Preventive",6.2
"MAINT00000815","Preventive",1386.29,"Scheduled Preventive",1.8
"MAINT00000816","Engine",3692.78,"Routine Engine",5.0
"MAINT00000817","Repair",2769.81,"Scheduled Repair",0.6
"MAINT00000818","Engine",1039.47,"Scheduled Engine",3.3
"MAINT00000819","Brake",1483.41,"Emergency Brake",5.4
"MAINT00000820","Repair",1030.90,"Routine Repair",2.5
"MAINT00000821","Preventive",223.88,"Routine Preventive",1.7
"MAINT00000822","Engine",1147.88,"Routine Engine",6.1
"MAINT00000823","Preventive",2675.36,"Scheduled Preventive",2.8
"MAINT00000824","Tire",1877.92,"Emergency Tire",7.0
"MAINT00000825","Inspection",417.59,"Scheduled Inspection",3.3
"MAINT00000826","Brake",2535.31,"Emergency Brake",3.0
"MAINT00000827","Inspection",292.66,"Routine Inspection",1.9
"MAINT00000828","Inspection",611.37,"Routine Inspection",4.6
"MAINT00000829","Brake",713.73,"Scheduled Brake",5.6
"MAINT00000830","Engine",2817.70,"Scheduled Engine",6.1
"MAINT00000831","Preventive",943.54,"Scheduled Preventive",4.9
"MAINT00000832","Preventive",3594.09,"Routine Preventive",1.8
"MAINT00000833","Brake",1413.14,"Routine Brake",2.7
"MAINT00000834","Tire",3336.38,"Scheduled Tire",1.1
"MAINT00000835","Engine",777.95,"Routine Engine",5.7
"MAINT00000836","Repair",2103.04,"Emergency Repair",2.8
"MAINT00000837","Engine",2497.84,"Emergency Engine",4.1
"MAINT00000838","Transmission",2425.28,"Emergency Transmission",1.2
"MAINT00000839","Inspection",800.78,"Routine Inspection",7.6
"MAINT00000840","Transmission",2023.99,"Scheduled Transmission",6.4
"MAINT00000841","Preventive",2494.44,"Scheduled Preventive",4.5
"MAINT00000842","Preventive",512.33,"Scheduled Preventive",0.9
"MAINT00000843","Tire",1239.40,"Scheduled Tire",4.4
"MAINT00000844","Repair",1737.15,"Scheduled Repair",0.6
"MAINT00000845","Engine",2738.50,"Emergency Engine",6.2
"MAINT00000846","Preventive",3821.13,"Scheduled Preventive",6.1
"MAINT00000847","Engine",723.72,"Emergency Engine",4.2
"MAINT00000848","Engine",815.53,"Emergency Engine",6.7
"MAINT00000849","Preventive",3621.97,"Routine Preventive",7.9
"MAINT00000850","Inspection",533.97,"Scheduled Inspection",3.7
"MAINT00000851","Tire",3632.89,"Emergency Tire",5.2
"MAINT00000852","Engine",821.62,"Scheduled Engine",3.7
"MAINT00000853","Preventive",3371.15,"Routine Preventive",3.5
"MAINT00000854","Brake",1568.05,"Routine Brake",6.9
"MAINT00000855","Transmission",1666.27,"Scheduled Transmission",0.6
"MAINT00000856","Tire",1126.96,"Scheduled Tire",4.5
"MAINT00000857","Engine",2476.84,"Scheduled Engine",6.1
"MAINT00000858","Transmission",1629.14,"Scheduled Transmission",1.4
"MAINT00000859","Brake",1015.60,"Routine Brake",7.8
"MAINT00000860","Brake",3590.35,"Emergency Brake",2.3
"MAINT00000861","Engine",1136.10,"Scheduled Engine",2.5
"MAINT00000862","Repair",2581.75,"Scheduled Repair",2.4
"MAINT00000863","Preventive",1213.47,"Scheduled Preventive",4.1
"MAINT00000864","Preventive",2224.30,"Scheduled Preventive",4.1
"MAINT00000865","Preventive",3226.99,"Scheduled Preventive",5.1
"MAINT00000866","Brake",2479.52,"Routine Brake",0.7
"MAINT00000867","Preventive",871.87,"Emergency Preventive",5.2
"MAINT00000868","Inspection",436.23,"Routine Inspection",4.5
"MAINT00000869","Engine",3261.73,"Routine Engine",4.0
"MAINT00000870","Tire",1008.89,"Emergency Tire",7.3
"MAINT00000871","Repair",879.51,"Routine Repair",6.8
"MAINT00000872","Brake",2791.38,"Scheduled Brake",6.0
"MAINT00000873","Inspection",268.88,"Emergency Inspection",2.2
"MAINT00000874","Repair",2479.88,"Scheduled Repair",4.8
"MAINT00000875","Brake",3312.43,"Scheduled Brake",1.8
"MAINT00000876","Repair",3337.78,"Scheduled Repair",4.0
"MAINT00000877","Transmission",1939.38,"Emergency Transmission",5.4
"MAINT00000878","Tire",1340.30,"Scheduled Tire",4.5
"MAINT00000879","Transmission",493.79,"Emergency Transmission",2.9
"MAINT00000880","Preventive",1608.06,"Routine Preventive",2.3
"MAINT00000881","Brake",1868.28,"Emergency Brake",2.8
"MAINT00000882","Repair",3305.05,"Routine Repair",4.2
"MAINT00000883","Tire",709.45,"Emergency Tire",7.3
"MAINT00000884","Engine",1877.25,"Routine Engine",7.9
"MAINT00000885","Brake",3044.24,"Emergency Brake",4.1
"MAINT00000886","Engine",2019.04,"Emergency Engine",1.2
"MAINT00000887","Engine",2895.00,"Routine Engine",5.0
"MAINT00000888","Tire",3380.12,"Scheduled Tire",1.3
"MAINT00000889","Brake",2723.14,"Scheduled Brake",7.5
"MAINT00000890","Inspection",160.62,"Emergency Inspection",0.5
"MAINT00000891","Tire",880.90,"Scheduled Tire",7.1
"MAINT00000892","Preventive",2826.62,"Routine Preventive",3.3
"MAINT00000893","Preventive",1821.32,"Scheduled Preventive",4.8
"MAINT00000894","Transmission",2320.58,"Emergency Transmission",6.5
"MAINT00000895","Tire",4175.24,"Scheduled Tire",7.3
"MAINT00000896","Preventive",1963.94,"Routine Preventive",6.4
"MAINT00000897","Brake",1820.46,"Scheduled Brake",2.0
"MAINT00000898","Engine",3467.60,"Scheduled Engine",5.5
"MAINT00000899","Transmission",2570.93,"Scheduled Transmission",2.6
"MAINT00000900","Repair",1463.28,"Routine Repair",2.4
"MAINT00000901","Inspection",454.90,"Emergency Inspection",4.2
"MAINT00000902","Transmission",1161.60,"Emergency Transmission",3.1
"MAINT00000903","Engine",2580.36,"Routine Engine",4.8
"MAINT00000904","Preventive",1676.16,"Scheduled Preventive",2.9
"MAINT00000905","Repair",1528.71,"Emergency Repair",4.5
"MAINT00000906","Repair",2316.93,"Routine Repair",7.5
"MAINT00000907","Engine",1622.70,"Routine Engine",0.8
"MAINT00000908","Brake",3055.30,"Emergency Brake",7.8
"MAINT00000909","Repair",2678.01,"Routine Repair",0.8
"MAINT00000910","Tire",1533.63,"Routine Tire",1.6
"MAINT00000911","Repair",2211.18,"Emergency Repair",6.3
"MAINT00000912","Transmission",2046.43,"Routine Transmission",7.8
"MAINT00000913","Transmission",3213.84,"Scheduled Transmission",5.5
"MAINT00000914","Repair",2197.06,"Scheduled Repair",0.7
"MAINT00000915","Inspection",347.78,"Routine Inspection",2.9
"MAINT00000916","Repair",2983.31,"Routine Repair",3.7
"MAINT00000917","Brake",2321.09,"Emergency Brake",1.6
"MAINT00000918","Preventive",2170.70,"Emergency Preventive",5.0
"MAINT00000919","Tire",1336.79,"Scheduled Tire",5.1
"MAINT00000920","Engine",2993.98,"Emergency Engine",8.0
"MAINT00000921","Repair",1650.30,"Routine Repair",0.9
"MAINT00000922","Tire",3803.41,"Scheduled Tire",4.2
"MAINT00000923","Engine",1001.31,"Routine Engine",3.0
"MAINT00000924","Repair",1696.50,"Routine Repair",2.5
"MAINT00000925","Repair",2972.97,"Emergency Repair",2.1
"MAINT00000926","Preventive",2419.11,"Emergency Preventive",4.9
"MAINT00000927","Inspection",372.81,"Routine Inspection",2.3
"MAINT00000928","Repair",1953.64,"Emergency Repair",4.4
"MAINT00000929","Inspection",278.94,"Emergency Inspection",1.9
"MAINT00000930","Brake",3960.40,"Emergency Brake",4.1
"MAINT00000931","Transmission",782.93,"Emergency Transmission",1.9
"MAINT00000932","Engine",3104.40,"Scheduled Engine",7.3
"MAINT00000933","Brake",2681.66,"Emergency Brake",3.8
"MAINT00000934","Brake",1829.01,"Emergency Brake",6.2
"MAINT00000935","Transmission",3785.65,"Scheduled Transmission",6.0
"MAINT00000936","Inspection",450.39,"Scheduled Inspection",3.6
"MAINT00000937","Transmission",1733.77,"Emergency Transmission",5.5
"MAINT00000938","Tire",1972.92,"Routine Tire",3.4
"MAINT00000939","Repair",2698.75,"Emergency Repair",6.8
"MAINT00000940","Inspection",801.10,"Emergency Inspection",7.2
"MAINT00000941","Brake",798.42,"Routine Brake",4.2
"MAINT00000942","Brake",885.32,"Scheduled Brake",2.7
"MAINT00000943","Brake",1258.75,"Emergency Brake",2.5
"MAINT00000944","Inspection",404.09,"Emergency Inspection",3.1
"MAINT00000945","Tire",2783.74,"Routine Tire",5.4
"MAINT00000946","Brake",3177.21,"Scheduled Brake",2.7
"MAINT00000947","Brake",3119.08,"Routine Brake",7.6
"MAINT00000948","Inspection",218.97,"Scheduled Inspection",1.1
"MAINT00000949","Engine",2913.72,"Scheduled Engine",6.0
"MAINT00000950","Engine",3491.98,"Emergency Engine",7.0
"MAINT00000951","Repair",1213.72,"Routine Repair",4.1
"MAINT00000952","Inspection",461.24,"Emergency Inspection",3.5
"MAINT00000953","Preventive",3444.82,"Emergency Preventive",5.7
"MAINT00000954","Repair",2976.52,"Scheduled Repair",1.3
"MAINT00000955","Preventive",3488.61,"Scheduled Preventive",4.6
"MAINT00000956","Inspection",840.51,"Routine Inspection",7.8
"MAINT00000957","Engine",3951.87,"Scheduled Engine",7.0
"MAINT00000958","Brake",1776.29,"Routine Brake",4.1
"MAINT00000959","Repair",611.76,"Scheduled Repair",4.1
"MAINT00000960","Inspection",473.67,"Scheduled Inspection",3.4
"MAINT00000961","Transmission",2551.86,"Emergency Transmission",6.6
"MAINT00000962","Repair",2283.52,"Routine Repair",2.5
"MAINT00000963","Inspection",422.31,"Emergency Inspection",2.9
"MAINT00000964","Repair",1898.04,"Scheduled Repair",5.0
"MAINT00000965","Inspection",741.06,"Emergency Inspection",5.7
"MAINT00000966","Brake",4284.14,"Scheduled Brake",6.5
"MAINT00000967","Inspection",970.67,"Routine Inspection",7.7
"MAINT00000968","Brake",2625.34,"Routine Brake",0.9
"MAINT00000969","Preventive",3013.44,"Emergency Preventive",5.9
"MAINT00000970","Brake",2436.68,"Routine Brake",1.2
"MAINT00000971","Engine",3338.89,"Scheduled Engine",3.8
"MAINT00000972","Inspection",492.08,"Emergency Inspection",3.2
"MAINT00000973","Tire",1141.90,"Routine Tire",3.3
"MAINT00000974","Brake",2895.24,"Emergency Brake",4.6
"MAINT00000975","Repair",2536.40,"Scheduled Repair",6.7
"MAINT00000976","Engine",1065.16,"Routine Engine",8.0
"MAINT00000977","Brake",2191.75,"Routine Brake",1.4
"MAINT00000978","Inspection",113.67,"Scheduled Inspection",1.1
"MAINT00000979","Repair",3141.75,"Routine Repair",3.6
"MAINT00000980","Inspection",383.01,"Scheduled Inspection",2.5
"MAINT00000981","Inspection",979.14,"Scheduled Inspection",7.6
"MAINT00000982","Brake",987.89,"Scheduled Brake",6.8
"MAINT00000983","Engine",2029.61,"Routine Engine",3.2
"MAINT00000984","Engine",885.90,"Routine Engine",5.8
"MAINT00000985","Transmission",3060.39,"Emergency Transmission",4.2
"MAINT00000986","Transmission",1343.05,"Emergency Transmission",2.0
"MAINT00000987","Transmission",1066.78,"Emergency Transmission",2.2
"MAINT00000988","Brake",1495.81,"Emergency Brake",0.5
"MAINT00000989","Brake",215.12,"Emergency Brake",0.7
"MAINT00000990","Preventive",3477.33,"Routine Preventive",6.0
"MAINT00000991","Brake",1856.59,"Emergency Brake",6.4
"MAINT00000992","Repair",3925.22,"Emergency Repair",4.5
"MAINT00000993","Inspection",515.14,"Scheduled Inspection",4.6
"MAINT00000994","Preventive",2855.47,"Routine Preventive",3.0
"MAINT00000995","Inspection",211.22,"Emergency Inspection",0.9
"MAINT00000996","Transmission",2466.52,"Emergency Transmission",2.7
"MAINT00000997","Preventive",1491.67,"Routine Preventive",0.7
"MAINT00000998","Brake",1417.02,"Scheduled Brake",0.7
"MAINT00000999","Inspection",292.69,"Routine Inspection",2.8
"MAINT00001000","Tire",3988.57,"Scheduled Tire",4.3
"MAINT00001001","Tire",4147.52,"Emergency Tire",5.4
"MAINT00001002","Engine",1586.15,"Scheduled Engine",6.0
"MAINT00001003","Tire",1211.58,"Emergency Tire",7.2
"MAINT00001004","Engine",1205.57,"Routine Engine",5.4
"MAINT00001005","Preventive",1939.71,"Scheduled Preventive",4.7
"MAINT00001006","Tire",2337.40,"Routine Tire",1.6
"MAINT00001007","Inspection",478.77,"Scheduled Inspection",3.5
"MAINT00001008","Transmission",2712.13,"Emergency Transmission",3.8
"MAINT00001009","Tire",3716.37,"Scheduled Tire",6.0
"MAINT00001010","Tire",2021.39,"Emergency Tire",4.5
"MAINT00001011","Transmission",901.18,"Emergency Transmission",3.9
"MAINT00001012","Preventive",457.33,"Emergency Preventive",2.6
"MAINT00001013","Tire",960.71,"Scheduled Tire",0.9
"MAINT00001014","Tire",1205.33,"Scheduled Tire",6.2
"MAINT00001015","Preventive",1196.33,"Routine Preventive",3.1
"MAINT00001016","Preventive",3875.38,"Emergency Preventive",5.0
"MAINT00001017","Repair",3916.02,"Scheduled Repair",6.4
"MAINT00001018","Transmission",2807.73,"Routine Transmission",2.6
"MAINT00001019","Brake",3960.33,"Emergency Brake",4.5
"MAINT00001020","Tire",2911.01,"Scheduled Tire",5.7
"MAINT00001021","Brake",2689.62,"Scheduled Brake",1.2
"MAINT00001022","Inspection",270.79,"Scheduled Inspection",1.3
"MAINT00001023","Inspection",200.70,"Routine Inspection",0.5
"MAINT00001024","Transmission",2513.17,"Scheduled Transmission",1.1
"MAINT00001025","Tire",1043.86,"Scheduled Tire",6.9
"MAINT00001026","Repair",2753.43,"Routine Repair",5.3
"MAINT00001027","Repair",3026.38,"Routine Repair",7.0
"MAINT00001028","Transmission",3061.06,"Emergency Transmission",7.9
"MAINT00001029","Preventive",660.96,"Scheduled Preventive",5.5
"MAINT00001030","Repair",553.30,"Scheduled Repair",4.3
"MAINT00001031","Repair",1435.44,"Emergency Repair",0.9
"MAINT00001032","Inspection",522.10,"Scheduled Inspection",3.6
"MAINT00001033","Brake",919.11,"Routine Brake",1.9
"MAINT00001034","Brake",709.71,"Emergency Brake",1.8
"MAINT00001035","Transmission",1485.04,"Routine Transmission",0.5
"MAINT00001036","Engine",1172.33,"Scheduled Engine",7.0
"MAINT00001037","Inspection",267.50,"Scheduled Inspection",2.2
"MAINT00001038","Preventive",3694.01,"Routine Preventive",7.2
"MAINT00001039","Tire",1433.13,"Routine Tire",5.2
"MAINT00001040","Transmission",3645.73,"Emergency Transmission",6.4
"MAINT00001041","Tire",1909.68,"Scheduled Tire",1.0
"MAINT00001042","Tire",2036.16,"Routine Tire",3.7
"MAINT00001043","Engine",3891.41,"Scheduled Engine",7.5
"MAINT00001044","Repair",420.38,"Scheduled Repair",0.6
"MAINT00001045","Preventive",3711.66,"Routine Preventive",4.6
"MAINT00001046","Preventive",1019.20,"Scheduled Preventive",1.3
"MAINT00001047","Preventive",651.09,"Emergency Preventive",3.9
"MAINT00001048","Preventive",3116.03,"Emergency Preventive",6.5
"MAINT00001165","Repair",428.91,"Scheduled Repair",2.3
"MAINT00001049","Preventive",2255.38,"Routine Preventive",4.6
"MAINT00001050","Engine",3290.93,"Emergency Engine",2.8
"MAINT00001051","Preventive",2518.24,"Scheduled Preventive",1.9
"MAINT00001052","Preventive",3462.40,"Routine Preventive",0.8
"MAINT00001053","Repair",2709.08,"Scheduled Repair",7.7
"MAINT00001054","Repair",3250.74,"Routine Repair",5.5
"MAINT00001055","Inspection",934.22,"Scheduled Inspection",7.9
"MAINT00001056","Transmission",2319.08,"Emergency Transmission",2.8
"MAINT00001057","Brake",3514.67,"Scheduled Brake",2.9
"MAINT00001058","Repair",2525.88,"Emergency Repair",2.4
"MAINT00001059","Engine",737.30,"Scheduled Engine",3.3
"MAINT00001060","Inspection",379.45,"Scheduled Inspection",3.2
"MAINT00001061","Engine",3096.77,"Scheduled Engine",2.3
"MAINT00001062","Transmission",1993.16,"Routine Transmission",7.6
"MAINT00001063","Repair",3018.57,"Scheduled Repair",7.2
"MAINT00001064","Tire",948.36,"Scheduled Tire",2.1
"MAINT00001065","Brake",828.95,"Routine Brake",4.4
"MAINT00001066","Preventive",1342.64,"Scheduled Preventive",7.3
"MAINT00001067","Brake",2462.55,"Emergency Brake",4.4
"MAINT00001068","Tire",2667.63,"Scheduled Tire",3.2
"MAINT00001069","Preventive",3869.77,"Routine Preventive",5.4
"MAINT00001070","Brake",1160.55,"Routine Brake",6.5
"MAINT00001071","Brake",1447.41,"Routine Brake",2.2
"MAINT00001072","Engine",376.22,"Routine Engine",0.5
"MAINT00001073","Repair",1696.22,"Routine Repair",5.2
"MAINT00001074","Brake",1513.33,"Routine Brake",3.7
"MAINT00001075","Repair",1455.49,"Routine Repair",7.4
"MAINT00001076","Preventive",696.09,"Routine Preventive",5.8
"MAINT00001077","Engine",2183.42,"Routine Engine",1.8
"MAINT00001078","Transmission",3509.74,"Emergency Transmission",2.7
"MAINT00001079","Preventive",1891.84,"Emergency Preventive",4.8
"MAINT00001080","Preventive",3812.92,"Emergency Preventive",6.9
"MAINT00001081","Repair",2373.29,"Scheduled Repair",1.7
"MAINT00001082","Inspection",464.91,"Emergency Inspection",4.0
"MAINT00001083","Engine",923.84,"Scheduled Engine",7.4
"MAINT00001084","Engine",2688.89,"Routine Engine",2.0
"MAINT00001085","Brake",2985.58,"Routine Brake",4.1
"MAINT00001086","Tire",3565.70,"Routine Tire",3.3
"MAINT00001087","Inspection",257.07,"Emergency Inspection",2.1
"MAINT00001088","Inspection",690.86,"Routine Inspection",5.0
"MAINT00001089","Tire",2919.25,"Scheduled Tire",7.8
"MAINT00001090","Brake",2403.87,"Scheduled Brake",5.8
"MAINT00001091","Preventive",2136.18,"Routine Preventive",1.9
"MAINT00001092","Inspection",906.13,"Scheduled Inspection",6.1
"MAINT00001093","Engine",1489.64,"Emergency Engine",8.0
"MAINT00001094","Inspection",122.73,"Routine Inspection",0.6
"MAINT00001095","Tire",1359.00,"Scheduled Tire",1.3
"MAINT00001096","Brake",2527.60,"Scheduled Brake",5.6
"MAINT00001097","Brake",3659.21,"Routine Brake",5.3
"MAINT00001098","Preventive",1861.36,"Scheduled Preventive",6.9
"MAINT00001099","Tire",1333.53,"Routine Tire",2.2
"MAINT00001100","Transmission",1067.13,"Scheduled Transmission",7.4
"MAINT00001101","Transmission",245.01,"Scheduled Transmission",1.2
"MAINT00001102","Brake",1039.31,"Routine Brake",7.8
"MAINT00001103","Preventive",2313.32,"Emergency Preventive",1.9
"MAINT00001104","Repair",1855.50,"Scheduled Repair",1.0
"MAINT00001105","Repair",1116.98,"Emergency Repair",3.5
"MAINT00001106","Brake",2682.88,"Routine Brake",2.0
"MAINT00001224","Brake",3552.68,"Emergency Brake",3.8
"MAINT00001107","Tire",3168.74,"Scheduled Tire",6.5
"MAINT00001108","Transmission",1896.21,"Emergency Transmission",1.9
"MAINT00001109","Repair",136.59,"Emergency Repair",0.7
"MAINT00001110","Repair",1487.46,"Routine Repair",7.4
"MAINT00001111","Repair",1573.64,"Emergency Repair",4.7
"MAINT00001112","Transmission",4235.09,"Scheduled Transmission",7.7
"MAINT00001113","Preventive",1196.55,"Routine Preventive",2.1
"MAINT00001114","Preventive",1329.18,"Emergency Preventive",1.7
"MAINT00001115","Brake",3173.70,"Scheduled Brake",5.7
"MAINT00001116","Inspection",601.55,"Scheduled Inspection",4.0
"MAINT00001117","Inspection",380.77,"Emergency Inspection",3.1
"MAINT00001118","Inspection",788.22,"Scheduled Inspection",6.5
"MAINT00001119","Transmission",4362.88,"Emergency Transmission",7.6
"MAINT00001120","Engine",2300.48,"Routine Engine",6.5
"MAINT00001121","Brake",1008.70,"Routine Brake",5.6
"MAINT00001122","Repair",414.88,"Emergency Repair",3.1
"MAINT00001123","Engine",466.65,"Emergency Engine",1.3
"MAINT00001124","Inspection",170.21,"Emergency Inspection",1.3
"MAINT00001125","Transmission",1097.34,"Routine Transmission",6.1
"MAINT00001126","Preventive",3633.26,"Emergency Preventive",7.6
"MAINT00001127","Inspection",163.04,"Scheduled Inspection",1.1
"MAINT00001128","Preventive",4333.04,"Scheduled Preventive",7.2
"MAINT00001129","Transmission",2047.52,"Routine Transmission",7.2
"MAINT00001130","Repair",3037.10,"Scheduled Repair",4.0
"MAINT00001131","Brake",1739.69,"Routine Brake",1.9
"MAINT00001132","Brake",3152.36,"Scheduled Brake",7.7
"MAINT00001133","Engine",2278.46,"Scheduled Engine",4.6
"MAINT00001134","Inspection",552.28,"Scheduled Inspection",3.7
"MAINT00001135","Preventive",1262.97,"Emergency Preventive",5.8
"MAINT00001136","Tire",4042.08,"Scheduled Tire",5.2
"MAINT00001137","Repair",1876.55,"Routine Repair",3.6
"MAINT00001138","Repair",2259.32,"Emergency Repair",1.0
"MAINT00001139","Brake",1570.96,"Emergency Brake",3.3
"MAINT00001140","Repair",1937.25,"Scheduled Repair",6.9
"MAINT00001141","Brake",2113.12,"Scheduled Brake",4.6
"MAINT00001142","Inspection",225.74,"Routine Inspection",1.1
"MAINT00001143","Tire",952.59,"Emergency Tire",1.1
"MAINT00001144","Preventive",3299.96,"Emergency Preventive",5.6
"MAINT00001145","Brake",3064.35,"Emergency Brake",6.2
"MAINT00001146","Preventive",1791.77,"Emergency Preventive",4.6
"MAINT00001147","Transmission",964.36,"Routine Transmission",7.6
"MAINT00001148","Transmission",2293.46,"Scheduled Transmission",1.7
"MAINT00001149","Tire",2214.86,"Routine Tire",2.4
"MAINT00001150","Tire",3466.07,"Emergency Tire",2.4
"MAINT00001151","Engine",2154.86,"Scheduled Engine",1.0
"MAINT00001152","Engine",2879.56,"Scheduled Engine",5.9
"MAINT00001153","Preventive",2438.77,"Routine Preventive",6.8
"MAINT00001154","Preventive",3717.32,"Routine Preventive",4.4
"MAINT00001155","Preventive",2431.72,"Scheduled Preventive",3.0
"MAINT00001156","Transmission",1659.90,"Scheduled Transmission",5.1
"MAINT00001157","Brake",1854.56,"Scheduled Brake",6.2
"MAINT00001158","Inspection",211.79,"Routine Inspection",2.2
"MAINT00001159","Preventive",3266.68,"Scheduled Preventive",0.7
"MAINT00001160","Brake",2116.41,"Emergency Brake",3.6
"MAINT00001161","Engine",3345.34,"Scheduled Engine",3.0
"MAINT00001162","Transmission",3452.35,"Emergency Transmission",3.8
"MAINT00001163","Preventive",2723.83,"Emergency Preventive",0.5
"MAINT00001164","Engine",638.49,"Routine Engine",1.3
"MAINT00001166","Inspection",612.97,"Scheduled Inspection",4.3
"MAINT00001167","Inspection",195.37,"Routine Inspection",0.8
"MAINT00001168","Tire",1831.53,"Scheduled Tire",5.3
"MAINT00001169","Engine",2851.28,"Emergency Engine",2.5
"MAINT00001170","Repair",442.87,"Routine Repair",2.8
"MAINT00001171","Transmission",2013.63,"Emergency Transmission",1.8
"MAINT00001172","Inspection",651.13,"Routine Inspection",5.4
"MAINT00001173","Repair",2249.20,"Emergency Repair",1.3
"MAINT00001174","Preventive",1707.24,"Scheduled Preventive",3.2
"MAINT00001175","Brake",2738.31,"Scheduled Brake",6.6
"MAINT00001176","Inspection",552.57,"Emergency Inspection",5.2
"MAINT00001177","Preventive",567.70,"Scheduled Preventive",2.4
"MAINT00001178","Inspection",225.31,"Scheduled Inspection",1.2
"MAINT00001179","Preventive",3492.92,"Routine Preventive",7.5
"MAINT00001180","Engine",2107.67,"Scheduled Engine",3.9
"MAINT00001181","Transmission",1666.14,"Scheduled Transmission",4.8
"MAINT00001182","Preventive",588.70,"Emergency Preventive",3.3
"MAINT00001183","Transmission",1324.31,"Routine Transmission",7.4
"MAINT00001184","Brake",3632.47,"Emergency Brake",5.6
"MAINT00001185","Engine",2227.15,"Routine Engine",5.9
"MAINT00001186","Transmission",1675.94,"Emergency Transmission",3.7
"MAINT00001187","Brake",1130.76,"Routine Brake",1.8
"MAINT00001188","Engine",1295.56,"Scheduled Engine",6.0
"MAINT00001189","Repair",2824.99,"Emergency Repair",2.7
"MAINT00001190","Preventive",3229.76,"Scheduled Preventive",2.0
"MAINT00001191","Brake",1950.22,"Routine Brake",1.0
"MAINT00001192","Transmission",3260.96,"Routine Transmission",5.2
"MAINT00001193","Preventive",1358.81,"Routine Preventive",5.6
"MAINT00001194","Repair",3446.24,"Scheduled Repair",6.3
"MAINT00001195","Engine",2376.53,"Routine Engine",2.7
"MAINT00001196","Transmission",2499.19,"Routine Transmission",4.4
"MAINT00001197","Engine",2168.18,"Routine Engine",7.8
"MAINT00001198","Engine",3176.22,"Emergency Engine",1.9
"MAINT00001199","Engine",3193.29,"Emergency Engine",0.8
"MAINT00001200","Inspection",854.84,"Scheduled Inspection",7.3
"MAINT00001201","Inspection",481.44,"Routine Inspection",3.9
"MAINT00001202","Tire",2904.13,"Routine Tire",1.8
"MAINT00001203","Repair",2133.36,"Emergency Repair",4.8
"MAINT00001204","Tire",2799.84,"Scheduled Tire",2.9
"MAINT00001205","Transmission",1558.10,"Scheduled Transmission",7.6
"MAINT00001206","Tire",844.65,"Emergency Tire",3.3
"MAINT00001207","Repair",2066.79,"Scheduled Repair",1.4
"MAINT00001208","Brake",1299.72,"Scheduled Brake",1.8
"MAINT00001209","Inspection",536.60,"Emergency Inspection",5.4
"MAINT00001210","Engine",1236.98,"Routine Engine",1.8
"MAINT00001211","Tire",1274.77,"Scheduled Tire",4.2
"MAINT00001212","Repair",883.06,"Routine Repair",5.4
"MAINT00001213","Repair",2582.26,"Scheduled Repair",7.1
"MAINT00001214","Repair",452.98,"Emergency Repair",3.8
"MAINT00001215","Transmission",728.48,"Routine Transmission",5.4
"MAINT00001216","Transmission",1373.76,"Routine Transmission",2.9
"MAINT00001217","Inspection",243.16,"Emergency Inspection",1.9
"MAINT00001218","Inspection",799.72,"Emergency Inspection",7.1
"MAINT00001219","Brake",2690.33,"Scheduled Brake",4.8
"MAINT00001220","Preventive",2698.28,"Emergency Preventive",5.2
"MAINT00001221","Brake",1023.48,"Scheduled Brake",4.5
"MAINT00001222","Tire",1547.67,"Routine Tire",1.1
"MAINT00001223","Transmission",479.39,"Routine Transmission",1.0
"MAINT00001225","Brake",4110.34,"Routine Brake",6.9
"MAINT00001226","Repair",3541.63,"Routine Repair",5.5
"MAINT00001227","Inspection",520.98,"Scheduled Inspection",4.8
"MAINT00001228","Transmission",858.32,"Scheduled Transmission",1.1
"MAINT00001229","Preventive",3324.71,"Scheduled Preventive",5.4
"MAINT00001230","Preventive",3243.04,"Routine Preventive",7.0
"MAINT00001231","Engine",1876.00,"Routine Engine",2.2
"MAINT00001232","Engine",1518.65,"Emergency Engine",3.3
"MAINT00001233","Transmission",2557.70,"Routine Transmission",3.0
"MAINT00001234","Tire",883.94,"Routine Tire",2.2
"MAINT00001235","Engine",2689.73,"Scheduled Engine",5.2
"MAINT00001236","Preventive",250.82,"Routine Preventive",1.9
"MAINT00001237","Preventive",2941.36,"Scheduled Preventive",5.3
"MAINT00001238","Engine",2060.80,"Emergency Engine",0.8
"MAINT00001239","Brake",2007.07,"Emergency Brake",7.5
"MAINT00001240","Engine",2453.61,"Routine Engine",7.8
"MAINT00001241","Brake",1238.84,"Emergency Brake",1.3
"MAINT00001242","Tire",1770.53,"Routine Tire",4.5
"MAINT00001243","Tire",3088.12,"Scheduled Tire",7.5
"MAINT00001244","Repair",3494.68,"Routine Repair",1.5
"MAINT00001245","Repair",980.82,"Scheduled Repair",0.9
"MAINT00001246","Transmission",3409.52,"Routine Transmission",5.9
"MAINT00001247","Transmission",3820.03,"Routine Transmission",3.7
"MAINT00001248","Tire",1186.80,"Emergency Tire",5.0
"MAINT00001249","Brake",3639.95,"Scheduled Brake",7.3
"MAINT00001250","Preventive",2632.31,"Scheduled Preventive",7.0
"MAINT00001251","Engine",2865.05,"Emergency Engine",6.2
"MAINT00001252","Brake",3781.18,"Emergency Brake",7.8
"MAINT00001253","Brake",3508.87,"Routine Brake",2.9
"MAINT00001254","Preventive",787.16,"Scheduled Preventive",2.3
"MAINT00001255","Repair",3980.70,"Scheduled Repair",5.8
"MAINT00001256","Transmission",2769.21,"Routine Transmission",6.3
"MAINT00001257","Brake",3272.95,"Routine Brake",3.7
"MAINT00001258","Brake",3936.45,"Routine Brake",6.3
"MAINT00001259","Preventive",1433.93,"Routine Preventive",2.6
"MAINT00001260","Brake",458.49,"Routine Brake",2.8
"MAINT00001261","Engine",2840.46,"Routine Engine",1.4
"MAINT00001262","Inspection",822.55,"Emergency Inspection",6.9
"MAINT00001263","Repair",3538.20,"Scheduled Repair",7.8
"MAINT00001264","Tire",1316.91,"Routine Tire",2.0
"MAINT00001265","Preventive",3290.84,"Routine Preventive",6.8
"MAINT00001266","Engine",2199.52,"Routine Engine",4.2
"MAINT00001267","Brake",1059.25,"Routine Brake",4.3
"MAINT00001268","Transmission",2456.24,"Routine Transmission",1.0
"MAINT00001269","Engine",3207.70,"Emergency Engine",2.7
"MAINT00001270","Inspection",845.12,"Emergency Inspection",7.4
"MAINT00001271","Inspection",667.57,"Scheduled Inspection",5.8
"MAINT00001272","Tire",2959.89,"Routine Tire",7.3
"MAINT00001273","Inspection",410.49,"Emergency Inspection",3.6
"MAINT00001274","Preventive",3559.20,"Scheduled Preventive",6.5
"MAINT00001275","Preventive",220.03,"Scheduled Preventive",1.4
"MAINT00001276","Inspection",473.43,"Emergency Inspection",3.7
"MAINT00001277","Brake",855.71,"Routine Brake",4.2
"MAINT00001278","Engine",782.24,"Scheduled Engine",6.6
"MAINT00001279","Transmission",1981.12,"Emergency Transmission",7.9
"MAINT00001280","Brake",3412.71,"Emergency Brake",4.6
"MAINT00001281","Preventive",2667.48,"Scheduled Preventive",7.4
"MAINT00001282","Brake",1694.38,"Routine Brake",4.5
"MAINT00001283","Transmission",2511.67,"Emergency Transmission",2.7
"MAINT00001284","Inspection",715.14,"Emergency Inspection",5.4
"MAINT00001285","Repair",2019.19,"Emergency Repair",4.0
"MAINT00001286","Repair",1191.50,"Routine Repair",1.9
"MAINT00001287","Engine",3283.97,"Emergency Engine",1.4
"MAINT00001288","Engine",312.92,"Routine Engine",2.0
"MAINT00001289","Inspection",818.96,"Emergency Inspection",7.4
"MAINT00001290","Inspection",245.06,"Scheduled Inspection",1.4
"MAINT00001291","Transmission",1364.41,"Scheduled Transmission",4.7
"MAINT00001292","Repair",1260.15,"Scheduled Repair",4.6
"MAINT00001293","Brake",2509.99,"Emergency Brake",4.9
"MAINT00001294","Tire",2818.48,"Scheduled Tire",1.6
"MAINT00001295","Transmission",1997.29,"Scheduled Transmission",3.1
"MAINT00001296","Preventive",2501.69,"Routine Preventive",4.9
"MAINT00001297","Repair",1872.47,"Scheduled Repair",8.0
"MAINT00001298","Preventive",1958.36,"Scheduled Preventive",3.9
"MAINT00001299","Preventive",2787.34,"Emergency Preventive",1.1
"MAINT00001300","Transmission",1844.94,"Routine Transmission",5.6
"MAINT00001301","Preventive",1337.90,"Routine Preventive",1.5
"MAINT00001302","Tire",3404.61,"Routine Tire",6.0
"MAINT00001303","Tire",2045.58,"Scheduled Tire",7.9
"MAINT00001304","Transmission",1251.21,"Scheduled Transmission",4.4
"MAINT00001305","Repair",712.44,"Scheduled Repair",6.0
"MAINT00001306","Brake",2433.35,"Scheduled Brake",1.5
"MAINT00001307","Transmission",1263.12,"Scheduled Transmission",3.7
"MAINT00001308","Engine",3518.36,"Routine Engine",7.7
"MAINT00001309","Brake",1793.42,"Emergency Brake",5.7
"MAINT00001310","Inspection",623.70,"Scheduled Inspection",6.6
"MAINT00001311","Brake",4154.80,"Emergency Brake",5.6
"MAINT00001312","Transmission",962.65,"Emergency Transmission",4.1
"MAINT00001313","Repair",595.15,"Emergency Repair",2.0
"MAINT00001314","Brake",3973.56,"Emergency Brake",7.6
"MAINT00001315","Inspection",735.23,"Scheduled Inspection",6.2
"MAINT00001316","Transmission",2377.12,"Routine Transmission",2.8
"MAINT00001317","Tire",1450.95,"Routine Tire",3.0
"MAINT00001318","Tire",3679.22,"Emergency Tire",2.4
"MAINT00001319","Transmission",1388.83,"Scheduled Transmission",7.4
"MAINT00001320","Inspection",997.17,"Routine Inspection",8.0
"MAINT00001321","Transmission",1745.33,"Routine Transmission",6.8
"MAINT00001322","Inspection",311.44,"Scheduled Inspection",2.6
"MAINT00001323","Transmission",3043.69,"Emergency Transmission",6.6
"MAINT00001324","Inspection",746.65,"Emergency Inspection",7.2
"MAINT00001325","Preventive",2722.19,"Scheduled Preventive",3.7
"MAINT00001326","Inspection",654.50,"Scheduled Inspection",5.9
"MAINT00001327","Transmission",3354.82,"Scheduled Transmission",7.3
"MAINT00001328","Tire",3901.00,"Emergency Tire",7.7
"MAINT00001329","Transmission",1113.62,"Scheduled Transmission",5.8
"MAINT00001330","Inspection",331.42,"Routine Inspection",2.4
"MAINT00001331","Preventive",3330.52,"Scheduled Preventive",2.5
"MAINT00001332","Engine",811.90,"Routine Engine",3.6
"MAINT00001333","Repair",2498.49,"Emergency Repair",2.0
"MAINT00001334","Preventive",2573.62,"Scheduled Preventive",3.6
"MAINT00001335","Engine",3169.49,"Scheduled Engine",1.6
"MAINT00001336","Tire",1841.80,"Routine Tire",3.9
"MAINT00001337","Inspection",185.01,"Routine Inspection",1.1
"MAINT00001338","Transmission",3322.96,"Emergency Transmission",2.4
"MAINT00001339","Preventive",3917.03,"Emergency Preventive",5.3
"MAINT00001340","Brake",1103.57,"Emergency Brake",3.2
"MAINT00001341","Inspection",241.51,"Routine Inspection",0.9
"MAINT00001342","Engine",1991.89,"Emergency Engine",2.2
"MAINT00001343","Inspection",528.55,"Scheduled Inspection",5.0
"MAINT00001344","Tire",3510.05,"Scheduled Tire",2.6
"MAINT00001345","Engine",3513.04,"Emergency Engine",7.1
"MAINT00001346","Transmission",1680.00,"Emergency Transmission",2.2
"MAINT00001347","Engine",2237.88,"Scheduled Engine",6.4
"MAINT00001348","Transmission",2634.83,"Emergency Transmission",4.2
"MAINT00001349","Inspection",627.77,"Scheduled Inspection",4.3
"MAINT00001350","Repair",1946.44,"Routine Repair",0.8
"MAINT00001351","Transmission",2253.87,"Emergency Transmission",6.2
"MAINT00001352","Tire",944.97,"Scheduled Tire",5.3
"MAINT00001353","Repair",4075.15,"Routine Repair",6.7
"MAINT00001354","Brake",3194.67,"Scheduled Brake",6.1
"MAINT00001355","Transmission",1941.21,"Routine Transmission",4.5
"MAINT00001356","Inspection",172.23,"Routine Inspection",0.6
"MAINT00001357","Inspection",210.62,"Routine Inspection",1.7
"MAINT00001358","Engine",980.47,"Scheduled Engine",1.8
"MAINT00001359","Transmission",3380.23,"Emergency Transmission",2.8
"MAINT00001360","Transmission",414.37,"Routine Transmission",1.8
"MAINT00001361","Transmission",2155.68,"Emergency Transmission",5.3
"MAINT00001362","Transmission",2810.07,"Routine Transmission",2.5
"MAINT00001363","Transmission",631.78,"Routine Transmission",0.6
"MAINT00001364","Engine",3508.63,"Routine Engine",3.7
"MAINT00001365","Transmission",2056.37,"Scheduled Transmission",4.1
"MAINT00001366","Repair",3854.97,"Routine Repair",6.1
"MAINT00001367","Brake",1750.01,"Emergency Brake",4.1
"MAINT00001368","Engine",2227.93,"Scheduled Engine",4.3
"MAINT00001369","Inspection",865.44,"Emergency Inspection",6.6
"MAINT00001370","Repair",3252.09,"Emergency Repair",5.8
"MAINT00001371","Tire",2785.52,"Routine Tire",3.4
"MAINT00001372","Brake",2583.53,"Routine Brake",6.4
"MAINT00001373","Preventive",962.54,"Emergency Preventive",3.3
"MAINT00001374","Brake",4029.04,"Scheduled Brake",6.7
"MAINT00001375","Engine",692.50,"Emergency Engine",5.0
"MAINT00001376","Inspection",343.41,"Routine Inspection",1.9
"MAINT00001377","Tire",2768.63,"Routine Tire",7.4
"MAINT00001378","Brake",2827.87,"Scheduled Brake",4.8
"MAINT00001379","Engine",1851.85,"Scheduled Engine",6.1
"MAINT00001380","Transmission",3926.05,"Emergency Transmission",6.8
"MAINT00001381","Repair",2936.80,"Emergency Repair",5.1
"MAINT00001382","Brake",1788.28,"Emergency Brake",4.7
"MAINT00001383","Engine",1657.22,"Routine Engine",2.7
"MAINT00001384","Tire",3975.11,"Routine Tire",5.6
"MAINT00001385","Inspection",588.15,"Emergency Inspection",5.1
"MAINT00001386","Brake",3321.37,"Emergency Brake",2.4
"MAINT00001387","Inspection",252.44,"Emergency Inspection",2.6
"MAINT00001388","Tire",2224.54,"Emergency Tire",3.7
"MAINT00001389","Inspection",626.54,"Scheduled Inspection",5.3
"MAINT00001390","Preventive",1056.56,"Routine Preventive",3.7
"MAINT00001391","Engine",3561.92,"Emergency Engine",1.5
"MAINT00001392","Transmission",2085.84,"Scheduled Transmission",2.7
"MAINT00001393","Preventive",901.10,"Emergency Preventive",1.0
"MAINT00001394","Tire",1033.98,"Emergency Tire",7.5
"MAINT00001395","Transmission",1282.99,"Emergency Transmission",4.7
"MAINT00001396","Repair",3646.83,"Routine Repair",2.2
"MAINT00001397","Repair",3903.53,"Emergency Repair",5.9
"MAINT00001398","Transmission",2393.86,"Routine Transmission",2.5
"MAINT00001399","Inspection",248.87,"Scheduled Inspection",1.0
"MAINT00001400","Preventive",2754.88,"Routine Preventive",6.2
"MAINT00001401","Repair",3709.24,"Routine Repair",5.5
"MAINT00001402","Brake",3004.57,"Routine Brake",2.5
"MAINT00001403","Inspection",205.76,"Routine Inspection",1.4
"MAINT00001404","Brake",1372.14,"Emergency Brake",2.6
"MAINT00001405","Inspection",378.15,"Emergency Inspection",2.0
"MAINT00001406","Engine",2188.67,"Routine Engine",2.5
"MAINT00001407","Transmission",2045.18,"Routine Transmission",1.4
"MAINT00001408","Preventive",3267.64,"Scheduled Preventive",5.7
"MAINT00001409","Inspection",668.30,"Emergency Inspection",5.7
"MAINT00001410","Engine",1059.89,"Scheduled Engine",5.1
"MAINT00001411","Brake",971.78,"Scheduled Brake",6.3
"MAINT00001412","Inspection",799.81,"Routine Inspection",6.4
"MAINT00001413","Brake",3833.75,"Routine Brake",4.6
"MAINT00001414","Repair",3715.58,"Routine Repair",6.6
"MAINT00001415","Tire",3128.39,"Emergency Tire",6.4
"MAINT00001416","Repair",1260.76,"Emergency Repair",4.9
"MAINT00001417","Repair",3294.69,"Scheduled Repair",4.6
"MAINT00001418","Repair",2255.92,"Emergency Repair",3.3
"MAINT00001419","Preventive",4295.73,"Routine Preventive",7.8
"MAINT00001420","Tire",3323.52,"Emergency Tire",3.0
"MAINT00001421","Tire",1707.41,"Scheduled Tire",1.7
"MAINT00001422","Inspection",784.46,"Scheduled Inspection",6.4
"MAINT00001423","Engine",3453.66,"Scheduled Engine",7.5
"MAINT00001424","Engine",648.15,"Scheduled Engine",5.1
"MAINT00001425","Preventive",1277.65,"Routine Preventive",4.7
"MAINT00001426","Tire",2683.88,"Routine Tire",4.5
"MAINT00001427","Transmission",2025.29,"Scheduled Transmission",3.6
"MAINT00001428","Engine",1067.54,"Emergency Engine",3.2
"MAINT00001429","Brake",3279.87,"Emergency Brake",5.7
"MAINT00001430","Brake",3762.75,"Routine Brake",6.2
"MAINT00001431","Brake",1085.08,"Scheduled Brake",3.8
"MAINT00001432","Transmission",784.21,"Scheduled Transmission",0.6
"MAINT00001433","Transmission",2108.80,"Routine Transmission",4.9
"MAINT00001434","Repair",2032.39,"Routine Repair",7.0
"MAINT00001435","Engine",1237.39,"Emergency Engine",6.2
"MAINT00001436","Engine",2416.12,"Routine Engine",2.1
"MAINT00001437","Engine",1501.13,"Routine Engine",2.6
"MAINT00001438","Preventive",3197.44,"Emergency Preventive",7.2
"MAINT00001439","Tire",1217.74,"Scheduled Tire",5.3
"MAINT00001440","Preventive",2645.51,"Routine Preventive",6.1
"MAINT00001441","Repair",2830.94,"Emergency Repair",4.8
"MAINT00001442","Brake",3997.89,"Routine Brake",4.8
"MAINT00001443","Transmission",4104.44,"Emergency Transmission",6.7
"MAINT00001444","Engine",1572.78,"Scheduled Engine",2.4
"MAINT00001445","Preventive",3499.36,"Scheduled Preventive",2.9
"MAINT00001446","Transmission",3110.58,"Scheduled Transmission",4.8
"MAINT00001447","Engine",1994.49,"Routine Engine",6.0
"MAINT00001448","Inspection",947.06,"Routine Inspection",6.6
"MAINT00001449","Brake",1494.82,"Scheduled Brake",3.5
"MAINT00001450","Preventive",3405.56,"Emergency Preventive",0.5
"MAINT00001451","Inspection",236.59,"Emergency Inspection",1.2
"MAINT00001452","Preventive",1399.54,"Routine Preventive",6.6
"MAINT00001453","Repair",3988.15,"Emergency Repair",5.3
"MAINT00001454","Engine",1264.10,"Scheduled Engine",4.6
"MAINT00001455","Preventive",4045.17,"Emergency Preventive",5.9
"MAINT00001456","Transmission",3909.96,"Scheduled Transmission",7.7
"MAINT00001457","Repair",3838.26,"Routine Repair",7.5
"MAINT00001516","Engine",2021.73,"Routine Engine",6.9
"MAINT00001458","Transmission",2082.00,"Emergency Transmission",5.7
"MAINT00001459","Brake",2967.25,"Emergency Brake",1.3
"MAINT00001460","Tire",3473.79,"Routine Tire",4.2
"MAINT00001461","Transmission",3363.27,"Routine Transmission",1.4
"MAINT00001462","Tire",3382.42,"Scheduled Tire",5.0
"MAINT00001463","Transmission",3902.17,"Emergency Transmission",5.2
"MAINT00001464","Engine",3161.17,"Scheduled Engine",6.2
"MAINT00001465","Preventive",3741.03,"Routine Preventive",5.8
"MAINT00001466","Inspection",728.12,"Routine Inspection",5.6
"MAINT00001467","Repair",546.05,"Emergency Repair",1.8
"MAINT00001468","Transmission",3571.43,"Routine Transmission",0.9
"MAINT00001469","Inspection",979.32,"Emergency Inspection",7.4
"MAINT00001470","Brake",1172.93,"Emergency Brake",3.0
"MAINT00001471","Inspection",674.57,"Scheduled Inspection",4.5
"MAINT00001472","Transmission",3000.63,"Scheduled Transmission",7.7
"MAINT00001473","Brake",3653.59,"Routine Brake",7.3
"MAINT00001474","Engine",3963.69,"Routine Engine",6.5
"MAINT00001475","Transmission",2014.87,"Scheduled Transmission",1.3
"MAINT00001476","Transmission",3413.02,"Scheduled Transmission",4.7
"MAINT00001477","Inspection",733.77,"Routine Inspection",6.8
"MAINT00001478","Brake",3872.84,"Emergency Brake",6.8
"MAINT00001479","Brake",3286.68,"Emergency Brake",1.3
"MAINT00001480","Tire",1795.61,"Routine Tire",4.4
"MAINT00001481","Preventive",1459.64,"Emergency Preventive",4.9
"MAINT00001482","Tire",3333.35,"Routine Tire",6.7
"MAINT00001483","Repair",3435.03,"Emergency Repair",2.7
"MAINT00001484","Repair",4025.31,"Routine Repair",6.9
"MAINT00001485","Engine",1062.95,"Emergency Engine",7.7
"MAINT00001486","Inspection",238.01,"Routine Inspection",1.3
"MAINT00001487","Transmission",1055.36,"Routine Transmission",2.7
"MAINT00001488","Repair",2341.57,"Emergency Repair",2.8
"MAINT00001489","Repair",1558.04,"Emergency Repair",1.0
"MAINT00001490","Transmission",1854.66,"Emergency Transmission",3.3
"MAINT00001491","Engine",2848.39,"Routine Engine",2.0
"MAINT00001492","Inspection",600.56,"Emergency Inspection",4.2
"MAINT00001493","Preventive",3477.61,"Emergency Preventive",3.1
"MAINT00001494","Brake",1766.53,"Routine Brake",7.1
"MAINT00001495","Transmission",1687.15,"Routine Transmission",1.1
"MAINT00001496","Engine",1177.37,"Scheduled Engine",2.6
"MAINT00001497","Tire",2628.11,"Emergency Tire",5.3
"MAINT00001498","Preventive",3364.26,"Emergency Preventive",2.7
"MAINT00001499","Repair",1008.67,"Scheduled Repair",1.5
"MAINT00001500","Transmission",3379.13,"Routine Transmission",7.0
"MAINT00001501","Preventive",1638.16,"Scheduled Preventive",2.5
"MAINT00001502","Inspection",395.57,"Scheduled Inspection",2.9
"MAINT00001503","Transmission",2394.73,"Routine Transmission",6.7
"MAINT00001504","Tire",1682.97,"Emergency Tire",3.2
"MAINT00001505","Repair",3777.44,"Scheduled Repair",7.8
"MAINT00001506","Preventive",3661.70,"Emergency Preventive",4.9
"MAINT00001507","Repair",3289.43,"Scheduled Repair",2.6
"MAINT00001508","Transmission",3749.65,"Scheduled Transmission",4.1
"MAINT00001509","Engine",1956.57,"Scheduled Engine",6.6
"MAINT00001510","Repair",3018.95,"Emergency Repair",5.4
"MAINT00001511","Preventive",3212.61,"Routine Preventive",1.6
"MAINT00001512","Tire",938.38,"Scheduled Tire",1.3
"MAINT00001513","Transmission",2044.30,"Scheduled Transmission",2.0
"MAINT00001514","Transmission",1255.88,"Scheduled Transmission",6.1
"MAINT00001515","Engine",662.00,"Emergency Engine",6.4
"MAINT00001517","Brake",1940.00,"Scheduled Brake",3.9
"MAINT00001518","Transmission",1922.45,"Emergency Transmission",2.3
"MAINT00001519","Preventive",3315.29,"Emergency Preventive",1.9
"MAINT00001520","Brake",851.56,"Scheduled Brake",5.2
"MAINT00001521","Brake",3360.51,"Emergency Brake",5.2
"MAINT00001522","Transmission",880.84,"Routine Transmission",5.2
"MAINT00001523","Preventive",2760.79,"Emergency Preventive",4.5
"MAINT00001524","Repair",3218.15,"Emergency Repair",5.5
"MAINT00001525","Preventive",1962.53,"Scheduled Preventive",3.1
"MAINT00001526","Inspection",443.00,"Scheduled Inspection",4.0
"MAINT00001527","Inspection",614.35,"Routine Inspection",6.3
"MAINT00001528","Preventive",3514.93,"Routine Preventive",6.9
"MAINT00001529","Repair",1195.24,"Scheduled Repair",2.1
"MAINT00001530","Engine",716.14,"Scheduled Engine",6.2
"MAINT00001531","Repair",1393.15,"Scheduled Repair",0.6
"MAINT00001532","Inspection",175.68,"Routine Inspection",1.3
"MAINT00001533","Inspection",720.95,"Emergency Inspection",6.3
"MAINT00001534","Inspection",118.31,"Scheduled Inspection",0.5
"MAINT00001535","Preventive",2790.81,"Scheduled Preventive",1.7
"MAINT00001536","Inspection",584.95,"Emergency Inspection",4.0
"MAINT00001537","Transmission",3644.02,"Scheduled Transmission",5.3
"MAINT00001538","Brake",1594.84,"Emergency Brake",1.9
"MAINT00001539","Tire",1681.08,"Emergency Tire",6.3
"MAINT00001540","Inspection",403.39,"Emergency Inspection",3.0
"MAINT00001541","Brake",926.54,"Emergency Brake",7.2
"MAINT00001542","Engine",3578.20,"Emergency Engine",4.1
"MAINT00001543","Inspection",212.52,"Scheduled Inspection",1.9
"MAINT00001544","Brake",2453.67,"Emergency Brake",6.8
"MAINT00001545","Brake",2915.50,"Scheduled Brake",5.5
"MAINT00001546","Tire",636.48,"Routine Tire",2.5
"MAINT00001547","Tire",1397.92,"Emergency Tire",4.5
"MAINT00001548","Preventive",767.01,"Scheduled Preventive",5.1
"MAINT00001549","Tire",2168.38,"Scheduled Tire",5.9
"MAINT00001550","Inspection",243.27,"Scheduled Inspection",1.0
"MAINT00001551","Inspection",664.99,"Emergency Inspection",6.6
"MAINT00001552","Preventive",3489.39,"Scheduled Preventive",2.9
"MAINT00001553","Repair",3203.29,"Emergency Repair",4.4
"MAINT00001554","Engine",1738.59,"Routine Engine",6.6
"MAINT00001555","Engine",3646.43,"Routine Engine",5.6
"MAINT00001556","Transmission",687.08,"Scheduled Transmission",2.5
"MAINT00001557","Transmission",2120.17,"Routine Transmission",1.9
"MAINT00001558","Transmission",1625.19,"Emergency Transmission",2.4
"MAINT00001559","Preventive",2942.37,"Scheduled Preventive",5.9
"MAINT00001560","Tire",1504.06,"Scheduled Tire",2.9
"MAINT00001561","Brake",2339.03,"Emergency Brake",1.3
"MAINT00001562","Inspection",769.18,"Scheduled Inspection",7.2
"MAINT00001563","Preventive",575.27,"Scheduled Preventive",1.6
"MAINT00001564","Brake",3526.73,"Scheduled Brake",1.2
"MAINT00001565","Engine",925.80,"Scheduled Engine",6.4
"MAINT00001566","Engine",2657.51,"Routine Engine",2.8
"MAINT00001567","Brake",552.62,"Emergency Brake",4.0
"MAINT00001568","Preventive",2361.50,"Scheduled Preventive",6.6
"MAINT00001569","Tire",2457.02,"Scheduled Tire",6.0
"MAINT00001570","Tire",1254.32,"Scheduled Tire",2.8
"MAINT00001571","Engine",1400.76,"Routine Engine",1.7
"MAINT00001572","Repair",3347.44,"Routine Repair",6.1
"MAINT00001573","Brake",3087.39,"Routine Brake",7.0
"MAINT00001574","Brake",3233.19,"Scheduled Brake",5.4
"MAINT00001575","Preventive",2036.37,"Emergency Preventive",4.0
"MAINT00001576","Tire",1175.27,"Emergency Tire",1.4
"MAINT00001577","Brake",1024.09,"Routine Brake",7.5
"MAINT00001578","Engine",1824.03,"Routine Engine",5.9
"MAINT00001579","Repair",3976.49,"Scheduled Repair",5.4
"MAINT00001580","Preventive",2827.48,"Emergency Preventive",3.4
"MAINT00001581","Preventive",492.74,"Routine Preventive",2.1
"MAINT00001582","Tire",2395.91,"Routine Tire",7.5
"MAINT00001583","Engine",2639.78,"Routine Engine",1.6
"MAINT00001584","Transmission",2296.10,"Scheduled Transmission",6.2
"MAINT00001585","Brake",1643.05,"Routine Brake",6.8
"MAINT00001586","Engine",789.21,"Routine Engine",2.1
"MAINT00001587","Brake",1188.55,"Routine Brake",0.6
"MAINT00001588","Brake",2188.80,"Emergency Brake",1.6
"MAINT00001589","Repair",2444.51,"Scheduled Repair",5.0
"MAINT00001590","Preventive",901.60,"Routine Preventive",0.8
"MAINT00001591","Preventive",3148.33,"Routine Preventive",6.8
"MAINT00001592","Repair",2502.40,"Emergency Repair",3.6
"MAINT00001593","Preventive",3359.20,"Scheduled Preventive",5.5
"MAINT00001594","Repair",1512.64,"Scheduled Repair",4.0
"MAINT00001595","Preventive",2741.40,"Routine Preventive",1.3
"MAINT00001596","Preventive",1082.78,"Routine Preventive",5.3
"MAINT00001597","Inspection",507.92,"Routine Inspection",3.6
"MAINT00001598","Brake",1755.15,"Emergency Brake",4.6
"MAINT00001599","Inspection",584.73,"Emergency Inspection",4.4
"MAINT00001600","Transmission",3935.07,"Scheduled Transmission",6.2
"MAINT00001601","Engine",2825.20,"Routine Engine",7.4
"MAINT00001602","Preventive",2388.97,"Routine Preventive",3.8
"MAINT00001603","Engine",1032.53,"Emergency Engine",3.1
"MAINT00001604","Engine",3155.98,"Scheduled Engine",1.1
"MAINT00001605","Tire",2518.12,"Routine Tire",1.8
"MAINT00001606","Tire",3067.75,"Scheduled Tire",7.9
"MAINT00001607","Tire",2805.00,"Scheduled Tire",7.0
"MAINT00001608","Tire",3277.28,"Routine Tire",6.9
"MAINT00001609","Inspection",301.10,"Emergency Inspection",2.4
"MAINT00001610","Repair",1483.74,"Emergency Repair",6.9
"MAINT00001611","Preventive",2577.42,"Scheduled Preventive",1.6
"MAINT00001612","Tire",2926.43,"Routine Tire",3.8
"MAINT00001613","Engine",949.29,"Routine Engine",4.2
"MAINT00001614","Engine",1737.62,"Routine Engine",5.9
"MAINT00001615","Tire",3827.27,"Routine Tire",4.2
"MAINT00001616","Engine",491.89,"Emergency Engine",1.3
"MAINT00001617","Transmission",1837.27,"Scheduled Transmission",6.3
"MAINT00001618","Tire",3276.06,"Emergency Tire",6.2
"MAINT00001619","Engine",3277.79,"Emergency Engine",5.7
"MAINT00001620","Transmission",791.73,"Routine Transmission",4.1
"MAINT00001621","Tire",2897.37,"Scheduled Tire",3.0
"MAINT00001622","Tire",928.27,"Emergency Tire",2.7
"MAINT00001623","Inspection",842.24,"Routine Inspection",5.7
"MAINT00001624","Brake",1327.62,"Scheduled Brake",7.0
"MAINT00001625","Engine",918.80,"Emergency Engine",4.4
"MAINT00001626","Preventive",3402.95,"Scheduled Preventive",6.7
"MAINT00001627","Tire",415.20,"Routine Tire",1.8
"MAINT00001628","Inspection",645.56,"Routine Inspection",5.7
"MAINT00001629","Transmission",3929.46,"Scheduled Transmission",7.0
"MAINT00001630","Transmission",1633.97,"Scheduled Transmission",6.3
"MAINT00001631","Brake",1379.72,"Routine Brake",4.2
"MAINT00001632","Inspection",648.93,"Scheduled Inspection",6.4
"MAINT00001633","Inspection",487.55,"Emergency Inspection",3.2
"MAINT00001634","Inspection",761.12,"Scheduled Inspection",5.2
"MAINT00001635","Transmission",937.85,"Routine Transmission",7.5
"MAINT00001636","Tire",2510.88,"Scheduled Tire",7.6
"MAINT00001637","Tire",2097.67,"Routine Tire",6.3
"MAINT00001638","Preventive",2777.43,"Scheduled Preventive",7.1
"MAINT00001639","Tire",2470.61,"Routine Tire",3.3
"MAINT00001640","Brake",2109.61,"Emergency Brake",0.7
"MAINT00001641","Repair",1973.51,"Routine Repair",5.8
"MAINT00001642","Transmission",678.41,"Scheduled Transmission",4.8
"MAINT00001643","Tire",3235.37,"Scheduled Tire",8.0
"MAINT00001644","Preventive",893.22,"Emergency Preventive",4.6
"MAINT00001645","Tire",1449.90,"Scheduled Tire",5.0
"MAINT00001646","Preventive",1205.37,"Routine Preventive",6.8
"MAINT00001647","Brake",2528.20,"Scheduled Brake",7.4
"MAINT00001648","Repair",3479.22,"Emergency Repair",8.0
"MAINT00001649","Engine",2227.71,"Emergency Engine",6.1
"MAINT00001650","Transmission",2038.36,"Emergency Transmission",2.1
"MAINT00001651","Tire",1482.15,"Scheduled Tire",6.8
"MAINT00001652","Engine",3608.86,"Emergency Engine",5.0
"MAINT00001653","Inspection",889.94,"Routine Inspection",8.0
"MAINT00001654","Brake",1708.82,"Routine Brake",1.9
"MAINT00001655","Tire",906.03,"Routine Tire",1.3
"MAINT00001656","Engine",919.57,"Routine Engine",2.4
"MAINT00001657","Inspection",317.11,"Emergency Inspection",2.1
"MAINT00001658","Brake",4005.05,"Scheduled Brake",5.7
"MAINT00001659","Inspection",714.43,"Emergency Inspection",4.9
"MAINT00001660","Transmission",3067.14,"Scheduled Transmission",5.9
"MAINT00001661","Transmission",895.50,"Scheduled Transmission",1.4
"MAINT00001662","Engine",3750.59,"Routine Engine",3.2
"MAINT00001663","Engine",2242.35,"Scheduled Engine",5.8
"MAINT00001664","Brake",1659.82,"Scheduled Brake",7.5
"MAINT00001665","Transmission",1920.24,"Scheduled Transmission",4.4
"MAINT00001666","Tire",1821.12,"Scheduled Tire",5.6
"MAINT00001667","Inspection",476.63,"Scheduled Inspection",5.3
"MAINT00001668","Engine",836.39,"Emergency Engine",1.9
"MAINT00001669","Brake",832.50,"Emergency Brake",1.7
"MAINT00001670","Brake",3295.74,"Scheduled Brake",0.6
"MAINT00001671","Inspection",222.96,"Routine Inspection",1.5
"MAINT00001672","Preventive",2624.97,"Scheduled Preventive",3.5
"MAINT00001673","Transmission",3817.30,"Emergency Transmission",5.9
"MAINT00001674","Inspection",453.42,"Routine Inspection",3.9
"MAINT00001675","Preventive",2171.90,"Routine Preventive",2.6
"MAINT00001676","Brake",1609.84,"Scheduled Brake",2.2
"MAINT00001677","Transmission",750.12,"Scheduled Transmission",5.4
"MAINT00001678","Tire",3347.69,"Scheduled Tire",4.1
"MAINT00001679","Brake",2293.39,"Scheduled Brake",7.8
"MAINT00001680","Inspection",521.87,"Scheduled Inspection",3.3
"MAINT00001681","Preventive",2291.63,"Routine Preventive",0.6
"MAINT00001682","Preventive",1990.04,"Scheduled Preventive",2.6
"MAINT00001683","Inspection",623.27,"Scheduled Inspection",5.8
"MAINT00001684","Engine",3027.13,"Scheduled Engine",2.6
"MAINT00001685","Engine",2204.04,"Scheduled Engine",5.9
"MAINT00001686","Repair",1062.58,"Scheduled Repair",2.8
"MAINT00001687","Engine",3586.42,"Routine Engine",7.7
"MAINT00001688","Inspection",477.92,"Routine Inspection",4.3
"MAINT00001689","Preventive",3851.64,"Scheduled Preventive",5.4
"MAINT00001690","Engine",2234.24,"Scheduled Engine",1.1
"MAINT00001691","Engine",2144.20,"Emergency Engine",7.3
"MAINT00001692","Transmission",653.31,"Scheduled Transmission",1.2
"MAINT00001693","Transmission",2557.85,"Routine Transmission",3.5
"MAINT00001694","Engine",2798.38,"Routine Engine",4.5
"MAINT00001695","Engine",1372.86,"Scheduled Engine",1.9
"MAINT00001696","Transmission",2100.03,"Scheduled Transmission",3.4
"MAINT00001697","Inspection",253.84,"Emergency Inspection",1.7
"MAINT00001698","Inspection",851.23,"Scheduled Inspection",7.3
"MAINT00001699","Transmission",3994.65,"Routine Transmission",7.0
"MAINT00001700","Engine",1018.49,"Emergency Engine",2.6
"MAINT00001701","Repair",2873.25,"Scheduled Repair",3.0
"MAINT00001702","Brake",1424.69,"Scheduled Brake",2.8
"MAINT00001703","Repair",2413.29,"Emergency Repair",4.8
"MAINT00001704","Preventive",2648.60,"Scheduled Preventive",1.7
"MAINT00001705","Tire",741.42,"Routine Tire",4.7
"MAINT00001706","Tire",3410.12,"Scheduled Tire",1.7
"MAINT00001707","Transmission",1268.73,"Routine Transmission",3.0
"MAINT00001708","Brake",1370.89,"Emergency Brake",7.7
"MAINT00001709","Tire",837.48,"Emergency Tire",4.9
"MAINT00001710","Engine",1330.48,"Scheduled Engine",5.9
"MAINT00001711","Engine",3306.67,"Routine Engine",4.8
"MAINT00001712","Transmission",1022.45,"Emergency Transmission",3.5
"MAINT00001713","Repair",3568.01,"Routine Repair",6.6
"MAINT00001714","Transmission",3927.13,"Routine Transmission",5.5
"MAINT00001715","Preventive",4014.52,"Scheduled Preventive",4.6
"MAINT00001716","Brake",1455.29,"Routine Brake",1.6
"MAINT00001717","Inspection",667.18,"Emergency Inspection",6.4
"MAINT00001718","Repair",938.18,"Scheduled Repair",2.8
"MAINT00001719","Engine",1271.22,"Scheduled Engine",7.2
"MAINT00001720","Tire",4047.05,"Emergency Tire",5.7
"MAINT00001721","Engine",1082.58,"Routine Engine",6.7
"MAINT00001722","Brake",1334.01,"Scheduled Brake",4.6
"MAINT00001723","Repair",2300.61,"Emergency Repair",4.1
"MAINT00001724","Brake",486.29,"Scheduled Brake",2.5
"MAINT00001725","Engine",1978.79,"Emergency Engine",2.8
"MAINT00001726","Transmission",2162.04,"Scheduled Transmission",1.9
"MAINT00001727","Inspection",627.66,"Routine Inspection",5.6
"MAINT00001728","Preventive",3433.57,"Emergency Preventive",4.5
"MAINT00001729","Engine",2194.09,"Routine Engine",7.0
"MAINT00001730","Transmission",1840.00,"Scheduled Transmission",7.6
"MAINT00001731","Transmission",3136.75,"Emergency Transmission",0.7
"MAINT00001732","Repair",1476.38,"Routine Repair",1.4
"MAINT00001733","Preventive",3421.25,"Scheduled Preventive",0.8
"MAINT00001734","Repair",3697.70,"Scheduled Repair",3.8
"MAINT00001735","Inspection",137.22,"Routine Inspection",0.8
"MAINT00001736","Preventive",2058.47,"Emergency Preventive",1.0
"MAINT00001737","Inspection",610.06,"Scheduled Inspection",5.6
"MAINT00001738","Brake",1398.84,"Emergency Brake",7.9
"MAINT00001739","Inspection",263.74,"Routine Inspection",2.7
"MAINT00001740","Engine",2685.54,"Emergency Engine",2.4
"MAINT00001741","Brake",1050.19,"Routine Brake",1.9
"MAINT00001742","Brake",3597.51,"Routine Brake",4.7
"MAINT00001743","Repair",2307.66,"Routine Repair",1.8
"MAINT00001744","Brake",905.43,"Emergency Brake",4.1
"MAINT00001745","Inspection",472.52,"Scheduled Inspection",3.8
"MAINT00001746","Transmission",1709.64,"Routine Transmission",7.5
"MAINT00001747","Transmission",3865.26,"Routine Transmission",5.3
"MAINT00001748","Repair",1332.03,"Emergency Repair",2.9
"MAINT00001749","Inspection",835.18,"Routine Inspection",6.7
"MAINT00001750","Transmission",804.88,"Routine Transmission",2.2
"MAINT00001751","Repair",2938.12,"Routine Repair",2.3
"MAINT00001752","Tire",1001.57,"Scheduled Tire",6.8
"MAINT00001753","Inspection",727.59,"Routine Inspection",6.7
"MAINT00001754","Transmission",625.47,"Emergency Transmission",1.6
"MAINT00001755","Engine",1611.96,"Scheduled Engine",1.4
"MAINT00001756","Transmission",2271.31,"Routine Transmission",0.8
"MAINT00001757","Brake",3883.31,"Scheduled Brake",7.6
"MAINT00001758","Inspection",449.73,"Scheduled Inspection",2.5
"MAINT00001759","Brake",3234.13,"Scheduled Brake",3.8
"MAINT00001760","Inspection",366.43,"Emergency Inspection",3.0
"MAINT00001761","Repair",1118.08,"Emergency Repair",6.3
"MAINT00001762","Inspection",289.34,"Routine Inspection",2.2
"MAINT00001763","Brake",2666.74,"Routine Brake",5.1
"MAINT00001764","Inspection",448.88,"Emergency Inspection",3.3
"MAINT00001765","Preventive",625.75,"Scheduled Preventive",4.4
"MAINT00001766","Preventive",1407.89,"Emergency Preventive",6.1
"MAINT00001767","Repair",2263.58,"Routine Repair",1.2
"MAINT00001768","Engine",1207.50,"Scheduled Engine",0.9
"MAINT00001769","Engine",3611.95,"Scheduled Engine",2.5
"MAINT00001770","Tire",1840.09,"Emergency Tire",5.5
"MAINT00001771","Transmission",1373.13,"Emergency Transmission",4.4
"MAINT00001772","Repair",2150.40,"Scheduled Repair",2.3
"MAINT00001773","Preventive",792.63,"Emergency Preventive",4.9
"MAINT00001774","Preventive",3946.26,"Emergency Preventive",7.0
"MAINT00001775","Transmission",1356.62,"Emergency Transmission",4.2
"MAINT00001776","Inspection",336.49,"Routine Inspection",3.2
"MAINT00001777","Preventive",2702.05,"Emergency Preventive",7.8
"MAINT00001778","Transmission",1465.60,"Emergency Transmission",1.2
"MAINT00001779","Brake",1764.78,"Emergency Brake",5.7
"MAINT00001780","Inspection",857.13,"Scheduled Inspection",6.1
"MAINT00001781","Engine",820.77,"Emergency Engine",4.5
"MAINT00001782","Transmission",990.54,"Emergency Transmission",6.3
"MAINT00001783","Repair",3430.56,"Routine Repair",5.2
"MAINT00001784","Preventive",3043.63,"Emergency Preventive",5.1
"MAINT00001785","Tire",676.12,"Routine Tire",4.6
"MAINT00001786","Preventive",3320.35,"Scheduled Preventive",7.2
"MAINT00001787","Brake",3179.09,"Routine Brake",7.5
"MAINT00001788","Engine",2673.43,"Emergency Engine",6.0
"MAINT00001789","Repair",2823.16,"Routine Repair",1.4
"MAINT00001790","Repair",3034.63,"Routine Repair",2.1
"MAINT00001791","Transmission",896.09,"Scheduled Transmission",4.2
"MAINT00001792","Preventive",3561.66,"Routine Preventive",4.5
"MAINT00001793","Tire",989.50,"Routine Tire",0.6
"MAINT00001794","Tire",2296.54,"Scheduled Tire",5.2
"MAINT00001795","Brake",3884.81,"Emergency Brake",7.9
"MAINT00001796","Preventive",847.00,"Scheduled Preventive",1.9
"MAINT00001797","Repair",3662.55,"Emergency Repair",3.1
"MAINT00001798","Transmission",970.71,"Routine Transmission",3.7
"MAINT00001799","Tire",4024.02,"Routine Tire",7.1
"MAINT00001800","Inspection",731.52,"Emergency Inspection",5.4
"MAINT00001801","Preventive",1734.67,"Scheduled Preventive",4.3
"MAINT00001802","Inspection",285.46,"Scheduled Inspection",2.9
"MAINT00001803","Inspection",283.44,"Scheduled Inspection",1.6
"MAINT00001804","Engine",2527.24,"Routine Engine",3.0
"MAINT00001805","Brake",981.83,"Emergency Brake",1.6
"MAINT00001806","Engine",2776.99,"Emergency Engine",4.1
"MAINT00001807","Repair",985.94,"Routine Repair",1.9
"MAINT00001808","Engine",3420.52,"Scheduled Engine",3.2
"MAINT00001809","Repair",3170.98,"Scheduled Repair",5.1
"MAINT00001810","Repair",2609.74,"Scheduled Repair",4.8
"MAINT00001811","Repair",1799.60,"Emergency Repair",4.4
"MAINT00001812","Preventive",621.97,"Emergency Preventive",5.8
"MAINT00001813","Engine",1983.57,"Scheduled Engine",5.1
"MAINT00001814","Repair",3793.46,"Scheduled Repair",6.9
"MAINT00001815","Repair",1364.54,"Scheduled Repair",5.9
"MAINT00001816","Preventive",1906.60,"Routine Preventive",3.2
"MAINT00001817","Engine",1700.03,"Emergency Engine",4.7
"MAINT00001818","Tire",944.00,"Emergency Tire",1.1
"MAINT00001819","Engine",3274.04,"Emergency Engine",3.6
"MAINT00001820","Repair",1596.92,"Routine Repair",4.3
"MAINT00001821","Engine",4022.97,"Routine Engine",5.0
"MAINT00001822","Tire",3017.49,"Routine Tire",1.5
"MAINT00001823","Brake",3271.03,"Emergency Brake",2.2
"MAINT00001824","Inspection",382.51,"Scheduled Inspection",2.1
"MAINT00001825","Tire",1795.79,"Emergency Tire",3.1
"MAINT00001826","Transmission",3628.02,"Emergency Transmission",4.9
"MAINT00001827","Tire",2397.41,"Routine Tire",7.8
"MAINT00001828","Preventive",882.86,"Scheduled Preventive",1.8
"MAINT00001829","Preventive",3961.99,"Routine Preventive",7.6
"MAINT00001830","Repair",3722.37,"Routine Repair",6.1
"MAINT00001831","Tire",3255.36,"Routine Tire",5.7
"MAINT00001832","Inspection",413.66,"Routine Inspection",3.4
"MAINT00001833","Engine",3329.98,"Routine Engine",3.5
"MAINT00001834","Tire",1598.46,"Scheduled Tire",4.8
"MAINT00001835","Inspection",516.54,"Emergency Inspection",5.1
"MAINT00001836","Tire",3423.48,"Emergency Tire",5.3
"MAINT00001837","Preventive",1038.18,"Scheduled Preventive",5.9
"MAINT00001838","Brake",2280.37,"Emergency Brake",4.9
"MAINT00001839","Repair",3115.80,"Scheduled Repair",5.9
"MAINT00001840","Repair",665.15,"Routine Repair",2.4
"MAINT00001841","Transmission",2624.03,"Scheduled Transmission",7.0
"MAINT00001842","Repair",3057.42,"Routine Repair",4.2
"MAINT00001843","Transmission",4003.61,"Scheduled Transmission",7.9
"MAINT00001844","Tire",628.95,"Routine Tire",2.4
"MAINT00001845","Repair",1968.34,"Emergency Repair",1.6
"MAINT00001846","Tire",3377.47,"Emergency Tire",4.4
"MAINT00001847","Transmission",2858.72,"Routine Transmission",3.6
"MAINT00001848","Transmission",1377.49,"Emergency Transmission",6.4
"MAINT00001849","Repair",2040.62,"Scheduled Repair",2.4
"MAINT00001850","Tire",3758.08,"Scheduled Tire",3.2
"MAINT00001851","Transmission",2210.07,"Routine Transmission",7.1
"MAINT00001852","Brake",2097.95,"Emergency Brake",2.6
"MAINT00001853","Transmission",3204.62,"Scheduled Transmission",6.2
"MAINT00001854","Engine",3349.75,"Scheduled Engine",2.4
"MAINT00001855","Inspection",792.56,"Routine Inspection",6.0
"MAINT00001856","Tire",2607.49,"Scheduled Tire",7.6
"MAINT00001857","Engine",3328.37,"Routine Engine",5.5
"MAINT00001858","Brake",3235.87,"Scheduled Brake",6.4
"MAINT00001859","Tire",2292.37,"Routine Tire",5.3
"MAINT00001860","Inspection",319.67,"Emergency Inspection",1.6
"MAINT00001861","Brake",2512.30,"Scheduled Brake",8.0
"MAINT00001862","Inspection",364.19,"Routine Inspection",2.4
"MAINT00001863","Tire",527.86,"Emergency Tire",2.3
"MAINT00001864","Repair",1595.97,"Routine Repair",2.9
"MAINT00001865","Preventive",2563.18,"Emergency Preventive",5.1
"MAINT00001866","Inspection",401.56,"Emergency Inspection",2.3
"MAINT00001867","Preventive",1800.93,"Routine Preventive",6.3
"MAINT00001868","Tire",1226.90,"Routine Tire",1.4
"MAINT00001869","Transmission",4039.85,"Emergency Transmission",5.8
"MAINT00001870","Inspection",474.69,"Emergency Inspection",3.4
"MAINT00001871","Preventive",2006.36,"Emergency Preventive",7.2
"MAINT00001872","Brake",881.21,"Routine Brake",7.3
"MAINT00001873","Preventive",3758.70,"Routine Preventive",5.0
"MAINT00001874","Tire",841.02,"Emergency Tire",3.3
"MAINT00001875","Repair",3946.10,"Scheduled Repair",4.5
"MAINT00001876","Repair",877.79,"Emergency Repair",1.9
"MAINT00001877","Tire",1595.71,"Scheduled Tire",7.8
"MAINT00001878","Preventive",2274.22,"Scheduled Preventive",1.7
"MAINT00001879","Inspection",698.68,"Routine Inspection",5.8
"MAINT00001880","Preventive",2631.50,"Emergency Preventive",4.7
"MAINT00001881","Repair",3642.29,"Routine Repair",6.0
"MAINT00001882","Preventive",1488.20,"Emergency Preventive",2.6
"MAINT00001883","Engine",3670.87,"Routine Engine",7.3
"MAINT00001884","Inspection",945.15,"Emergency Inspection",6.7
"MAINT00001885","Brake",2791.53,"Scheduled Brake",1.2
"MAINT00001886","Inspection",320.91,"Routine Inspection",2.4
"MAINT00001887","Inspection",565.11,"Routine Inspection",4.6
"MAINT00001888","Repair",3245.98,"Emergency Repair",4.8
"MAINT00001889","Repair",1076.61,"Routine Repair",7.0
"MAINT00001890","Engine",460.94,"Routine Engine",2.2
"MAINT00001891","Inspection",419.61,"Routine Inspection",3.3
"MAINT00001892","Engine",3811.92,"Emergency Engine",6.1
"MAINT00001893","Transmission",2973.44,"Routine Transmission",4.5
"MAINT00001894","Engine",1973.35,"Routine Engine",3.5
"MAINT00001895","Engine",3138.71,"Scheduled Engine",2.3
"MAINT00001896","Transmission",3157.23,"Emergency Transmission",6.9
"MAINT00001897","Inspection",64.93,"Scheduled Inspection",0.6
"MAINT00001898","Inspection",366.30,"Scheduled Inspection",2.0
"MAINT00001899","Inspection",859.16,"Emergency Inspection",6.4
"MAINT00001900","Repair",3397.10,"Routine Repair",3.1
"MAINT00001901","Brake",2976.31,"Scheduled Brake",4.4
"MAINT00001902","Transmission",2464.44,"Emergency Transmission",0.8
"MAINT00001903","Repair",1849.17,"Routine Repair",7.0
"MAINT00001904","Engine",492.32,"Emergency Engine",1.7
"MAINT00001905","Tire",934.74,"Scheduled Tire",5.4
"MAINT00001906","Engine",640.23,"Emergency Engine",3.6
"MAINT00001907","Preventive",1231.60,"Routine Preventive",6.1
"MAINT00001908","Preventive",2217.94,"Routine Preventive",2.2
"MAINT00001909","Engine",2509.83,"Scheduled Engine",5.2
"MAINT00001910","Engine",2118.87,"Emergency Engine",3.3
"MAINT00001911","Preventive",2439.18,"Emergency Preventive",4.1
"MAINT00001912","Tire",643.05,"Emergency Tire",6.8
"MAINT00001913","Transmission",1806.91,"Emergency Transmission",1.2
"MAINT00001914","Repair",928.91,"Emergency Repair",1.4
"MAINT00001915","Brake",1400.36,"Emergency Brake",4.9
"MAINT00001916","Transmission",214.52,"Emergency Transmission",0.9
"MAINT00001917","Repair",2173.78,"Scheduled Repair",2.9
"MAINT00001918","Engine",3871.86,"Scheduled Engine",3.9
"MAINT00001919","Preventive",3517.85,"Scheduled Preventive",5.0
"MAINT00001920","Tire",1235.41,"Emergency Tire",2.3
"MAINT00001921","Repair",657.68,"Emergency Repair",0.6
"MAINT00001922","Brake",3491.36,"Scheduled Brake",4.3
"MAINT00001923","Brake",3323.49,"Scheduled Brake",2.4
"MAINT00001924","Inspection",242.92,"Routine Inspection",1.1
"MAINT00001925","Transmission",563.26,"Routine Transmission",4.0
"MAINT00001926","Brake",1780.27,"Scheduled Brake",2.5
"MAINT00001927","Brake",1869.38,"Routine Brake",5.0
"MAINT00001928","Transmission",3566.66,"Emergency Transmission",7.7
"MAINT00001929","Repair",1520.13,"Scheduled Repair",7.0
"MAINT00001930","Brake",1781.39,"Routine Brake",4.9
"MAINT00001931","Inspection",175.83,"Scheduled Inspection",1.3
"MAINT00001932","Tire",4177.67,"Emergency Tire",5.8
"MAINT00001933","Preventive",1062.69,"Emergency Preventive",7.3
"MAINT00001934","Inspection",713.93,"Emergency Inspection",6.8
"MAINT00001935","Engine",2802.81,"Scheduled Engine",1.8
"MAINT00001936","Transmission",1476.82,"Routine Transmission",5.6
"MAINT00001937","Tire",3282.74,"Emergency Tire",6.3
"MAINT00001938","Inspection",661.74,"Scheduled Inspection",5.8
"MAINT00001939","Transmission",2083.58,"Scheduled Transmission",1.4
"MAINT00001940","Tire",1619.69,"Emergency Tire",4.4
"MAINT00001941","Inspection",756.16,"Routine Inspection",6.5
"MAINT00001942","Engine",1012.90,"Emergency Engine",1.4
"MAINT00001943","Brake",2185.42,"Routine Brake",4.3
"MAINT00001944","Tire",2563.20,"Emergency Tire",3.0
"MAINT00001945","Preventive",2837.07,"Routine Preventive",2.2
"MAINT00001946","Tire",2576.44,"Emergency Tire",1.1
"MAINT00001947","Engine",2021.82,"Scheduled Engine",7.6
"MAINT00001948","Preventive",2115.94,"Emergency Preventive",5.3
"MAINT00001949","Preventive",2621.60,"Routine Preventive",2.9
"MAINT00001950","Tire",1990.41,"Emergency Tire",7.3
"MAINT00001951","Repair",910.04,"Scheduled Repair",2.3
"MAINT00001952","Repair",2944.59,"Emergency Repair",2.7
"MAINT00001953","Brake",2377.81,"Emergency Brake",2.8
"MAINT00001954","Inspection",433.84,"Scheduled Inspection",3.7
"MAINT00001955","Tire",3323.23,"Emergency Tire",6.9
"MAINT00001956","Brake",3508.09,"Scheduled Brake",5.1
"MAINT00001957","Tire",1424.21,"Emergency Tire",5.7
"MAINT00001958","Engine",345.16,"Routine Engine",1.0
"MAINT00001959","Transmission",2654.80,"Scheduled Transmission",3.4
"MAINT00001960","Repair",1239.75,"Emergency Repair",4.5
"MAINT00001961","Inspection",783.71,"Scheduled Inspection",7.1
"MAINT00001962","Engine",3528.80,"Scheduled Engine",2.8
"MAINT00001963","Tire",3487.83,"Scheduled Tire",7.3
"MAINT00001964","Tire",1247.42,"Emergency Tire",6.5
"MAINT00001965","Transmission",944.84,"Routine Transmission",7.7
"MAINT00001966","Inspection",709.93,"Emergency Inspection",5.3
"MAINT00001967","Brake",1801.28,"Emergency Brake",0.6
"MAINT00001968","Inspection",173.24,"Routine Inspection",1.8
"MAINT00001969","Tire",2896.82,"Emergency Tire",3.1
"MAINT00001970","Tire",1972.59,"Scheduled Tire",5.0
"MAINT00001971","Transmission",1229.05,"Emergency Transmission",4.6
"MAINT00001972","Tire",2621.58,"Scheduled Tire",6.7
"MAINT00001973","Transmission",3321.65,"Emergency Transmission",7.8
"MAINT00001974","Tire",773.27,"Routine Tire",2.0
"MAINT00001975","Transmission",1874.91,"Scheduled Transmission",6.7
"MAINT00001976","Transmission",3303.49,"Emergency Transmission",6.7
"MAINT00001977","Inspection",629.26,"Routine Inspection",5.8
"MAINT00001978","Preventive",3698.66,"Routine Preventive",6.4
"MAINT00001979","Repair",738.63,"Emergency Repair",2.8
"MAINT00001980","Tire",3283.04,"Emergency Tire",2.4
"MAINT00001981","Transmission",3087.18,"Routine Transmission",1.7
"MAINT00002679","Tire",1262.79,"Scheduled Tire",5.2
"MAINT00001982","Inspection",435.00,"Emergency Inspection",3.7
"MAINT00001983","Inspection",551.33,"Emergency Inspection",4.7
"MAINT00001984","Tire",3682.10,"Emergency Tire",6.9
"MAINT00001985","Preventive",1823.57,"Emergency Preventive",0.6
"MAINT00001986","Brake",3172.10,"Emergency Brake",6.7
"MAINT00001987","Brake",3166.37,"Scheduled Brake",5.7
"MAINT00001988","Brake",2891.16,"Scheduled Brake",5.3
"MAINT00001989","Engine",3582.30,"Scheduled Engine",6.8
"MAINT00001990","Engine",1998.09,"Emergency Engine",6.6
"MAINT00001991","Brake",3253.93,"Emergency Brake",3.8
"MAINT00001992","Brake",2192.62,"Scheduled Brake",5.9
"MAINT00001993","Inspection",214.13,"Routine Inspection",1.3
"MAINT00001994","Preventive",3672.10,"Scheduled Preventive",2.2
"MAINT00001995","Inspection",241.36,"Routine Inspection",1.6
"MAINT00001996","Preventive",1252.06,"Emergency Preventive",2.4
"MAINT00001997","Tire",553.06,"Scheduled Tire",1.9
"MAINT00001998","Engine",3739.47,"Routine Engine",5.5
"MAINT00001999","Brake",3750.95,"Scheduled Brake",5.2
"MAINT00002000","Transmission",637.20,"Scheduled Transmission",3.1
"MAINT00002001","Preventive",970.46,"Emergency Preventive",2.4
"MAINT00002002","Repair",3176.85,"Emergency Repair",4.7
"MAINT00002003","Transmission",2913.47,"Routine Transmission",4.1
"MAINT00002004","Brake",2770.74,"Emergency Brake",2.1
"MAINT00002005","Transmission",932.61,"Routine Transmission",6.6
"MAINT00002006","Tire",1358.99,"Emergency Tire",6.1
"MAINT00002007","Engine",1922.12,"Scheduled Engine",4.9
"MAINT00002008","Inspection",617.21,"Routine Inspection",5.7
"MAINT00002009","Brake",3991.34,"Routine Brake",6.3
"MAINT00002010","Transmission",1037.11,"Scheduled Transmission",6.9
"MAINT00002011","Tire",1640.56,"Routine Tire",1.3
"MAINT00002012","Transmission",1556.56,"Emergency Transmission",6.4
"MAINT00002013","Brake",2181.24,"Scheduled Brake",5.5
"MAINT00002014","Tire",1972.75,"Routine Tire",1.7
"MAINT00002015","Repair",1186.43,"Routine Repair",6.6
"MAINT00002016","Brake",3593.12,"Routine Brake",4.0
"MAINT00002017","Repair",2576.42,"Emergency Repair",6.4
"MAINT00002018","Inspection",488.70,"Emergency Inspection",5.3
"MAINT00002019","Brake",1784.45,"Routine Brake",3.7
"MAINT00002020","Brake",3342.26,"Routine Brake",7.4
"MAINT00002021","Tire",3720.19,"Routine Tire",4.8
"MAINT00002022","Brake",1665.55,"Routine Brake",2.5
"MAINT00002023","Inspection",745.35,"Emergency Inspection",7.6
"MAINT00002024","Brake",2138.97,"Scheduled Brake",4.8
"MAINT00002025","Brake",2850.44,"Scheduled Brake",4.9
"MAINT00002026","Engine",3926.78,"Routine Engine",7.5
"MAINT00002027","Preventive",3767.14,"Routine Preventive",5.1
"MAINT00002028","Transmission",2472.57,"Routine Transmission",1.1
"MAINT00002029","Tire",3638.41,"Routine Tire",5.7
"MAINT00002030","Repair",459.94,"Emergency Repair",0.8
"MAINT00002031","Brake",969.27,"Scheduled Brake",3.3
"MAINT00002032","Brake",2593.69,"Routine Brake",3.6
"MAINT00002033","Tire",891.33,"Routine Tire",3.2
"MAINT00002034","Repair",1278.86,"Emergency Repair",2.5
"MAINT00002035","Tire",479.04,"Routine Tire",1.3
"MAINT00002036","Engine",2710.63,"Emergency Engine",5.8
"MAINT00002037","Transmission",4137.61,"Emergency Transmission",7.0
"MAINT00002038","Tire",3215.85,"Emergency Tire",1.3
"MAINT00002039","Transmission",1690.52,"Scheduled Transmission",6.7
"MAINT00002040","Engine",511.17,"Scheduled Engine",4.0
"MAINT00002041","Transmission",2770.60,"Emergency Transmission",3.9
"MAINT00002042","Transmission",3200.81,"Routine Transmission",4.1
"MAINT00002043","Engine",1483.11,"Routine Engine",6.2
"MAINT00002044","Repair",2830.65,"Routine Repair",1.8
"MAINT00002045","Preventive",2295.38,"Emergency Preventive",7.7
"MAINT00002046","Engine",410.89,"Scheduled Engine",2.1
"MAINT00002047","Transmission",3739.16,"Emergency Transmission",4.6
"MAINT00002048","Engine",1551.66,"Emergency Engine",0.7
"MAINT00002049","Preventive",1524.09,"Emergency Preventive",6.4
"MAINT00002050","Repair",2663.77,"Scheduled Repair",2.0
"MAINT00002051","Preventive",2156.47,"Scheduled Preventive",5.4
"MAINT00002052","Transmission",1054.81,"Scheduled Transmission",1.5
"MAINT00002053","Inspection",579.20,"Scheduled Inspection",5.0
"MAINT00002054","Repair",3779.63,"Emergency Repair",5.2
"MAINT00002055","Repair",3699.73,"Scheduled Repair",4.9
"MAINT00002056","Inspection",670.88,"Emergency Inspection",6.1
"MAINT00002057","Inspection",218.74,"Routine Inspection",1.2
"MAINT00002058","Inspection",598.69,"Emergency Inspection",4.8
"MAINT00002059","Tire",996.99,"Routine Tire",3.7
"MAINT00002060","Inspection",634.91,"Emergency Inspection",5.4
"MAINT00002061","Repair",1460.52,"Routine Repair",2.1
"MAINT00002062","Engine",1555.11,"Scheduled Engine",3.8
"MAINT00002063","Repair",3889.47,"Routine Repair",5.6
"MAINT00002064","Brake",3110.46,"Scheduled Brake",3.2
"MAINT00002065","Repair",3550.92,"Routine Repair",7.3
"MAINT00002066","Preventive",3219.37,"Scheduled Preventive",3.5
"MAINT00002067","Inspection",141.34,"Routine Inspection",1.2
"MAINT00002068","Repair",1715.81,"Scheduled Repair",3.4
"MAINT00002069","Engine",3455.15,"Routine Engine",5.2
"MAINT00002070","Inspection",401.89,"Emergency Inspection",3.8
"MAINT00002071","Repair",2746.93,"Scheduled Repair",2.5
"MAINT00002072","Preventive",3664.07,"Scheduled Preventive",7.5
"MAINT00002073","Tire",3271.74,"Emergency Tire",8.0
"MAINT00002074","Inspection",453.23,"Emergency Inspection",3.4
"MAINT00002075","Preventive",1846.23,"Emergency Preventive",5.1
"MAINT00002076","Tire",1325.80,"Routine Tire",7.2
"MAINT00002077","Inspection",721.95,"Emergency Inspection",6.2
"MAINT00002078","Transmission",1661.66,"Routine Transmission",3.0
"MAINT00002079","Engine",597.33,"Scheduled Engine",3.6
"MAINT00002080","Inspection",567.94,"Emergency Inspection",4.8
"MAINT00002081","Repair",2624.42,"Scheduled Repair",1.3
"MAINT00002082","Preventive",1082.72,"Scheduled Preventive",6.5
"MAINT00002083","Transmission",2507.93,"Emergency Transmission",6.5
"MAINT00002084","Repair",1220.02,"Emergency Repair",1.9
"MAINT00002085","Engine",3252.17,"Scheduled Engine",4.2
"MAINT00002086","Preventive",2794.11,"Scheduled Preventive",3.2
"MAINT00002087","Repair",605.10,"Routine Repair",2.6
"MAINT00002088","Tire",254.62,"Routine Tire",1.1
"MAINT00002089","Inspection",582.07,"Routine Inspection",5.2
"MAINT00002090","Preventive",2985.43,"Scheduled Preventive",1.2
"MAINT00002091","Brake",526.66,"Emergency Brake",1.5
"MAINT00002092","Inspection",1029.52,"Routine Inspection",7.7
"MAINT00002093","Repair",3891.87,"Routine Repair",7.4
"MAINT00002094","Inspection",471.26,"Scheduled Inspection",3.3
"MAINT00002095","Repair",3493.56,"Routine Repair",6.7
"MAINT00002096","Brake",3448.73,"Routine Brake",0.6
"MAINT00002097","Inspection",558.17,"Emergency Inspection",4.9
"MAINT00002098","Inspection",1102.06,"Emergency Inspection",7.8
"MAINT00002099","Inspection",821.43,"Routine Inspection",7.6
"MAINT00002100","Inspection",528.06,"Emergency Inspection",4.5
"MAINT00002101","Repair",3110.81,"Emergency Repair",1.1
"MAINT00002102","Preventive",3074.12,"Routine Preventive",6.2
"MAINT00002103","Tire",1291.77,"Scheduled Tire",5.8
"MAINT00002104","Tire",3434.06,"Scheduled Tire",7.7
"MAINT00002105","Engine",2628.20,"Emergency Engine",7.8
"MAINT00002106","Engine",2180.20,"Routine Engine",6.6
"MAINT00002107","Engine",1092.60,"Emergency Engine",5.9
"MAINT00002108","Tire",2997.34,"Scheduled Tire",6.0
"MAINT00002109","Repair",1221.02,"Routine Repair",2.8
"MAINT00002110","Repair",2634.86,"Routine Repair",7.2
"MAINT00002111","Engine",3442.22,"Emergency Engine",5.8
"MAINT00002112","Preventive",3494.31,"Routine Preventive",6.7
"MAINT00002113","Preventive",2475.09,"Routine Preventive",2.7
"MAINT00002114","Tire",1032.69,"Emergency Tire",2.4
"MAINT00002115","Transmission",3407.59,"Routine Transmission",2.6
"MAINT00002116","Repair",2741.49,"Scheduled Repair",7.2
"MAINT00002117","Tire",1777.05,"Emergency Tire",3.1
"MAINT00002118","Preventive",1798.84,"Emergency Preventive",2.2
"MAINT00002119","Preventive",1327.36,"Scheduled Preventive",1.6
"MAINT00002120","Engine",711.81,"Emergency Engine",5.8
"MAINT00002121","Transmission",1290.03,"Scheduled Transmission",3.6
"MAINT00002122","Preventive",1422.53,"Routine Preventive",1.0
"MAINT00002123","Tire",1588.73,"Emergency Tire",1.8
"MAINT00002124","Brake",1711.54,"Emergency Brake",6.2
"MAINT00002125","Preventive",1229.81,"Emergency Preventive",3.4
"MAINT00002126","Brake",1689.05,"Emergency Brake",1.6
"MAINT00002127","Brake",790.84,"Emergency Brake",3.5
"MAINT00002128","Inspection",518.40,"Scheduled Inspection",4.5
"MAINT00002129","Brake",2435.34,"Routine Brake",6.9
"MAINT00002130","Brake",3673.19,"Scheduled Brake",1.6
"MAINT00002131","Repair",2160.35,"Emergency Repair",2.6
"MAINT00002132","Preventive",2887.87,"Emergency Preventive",3.4
"MAINT00002133","Transmission",812.04,"Routine Transmission",2.9
"MAINT00002134","Preventive",3621.41,"Routine Preventive",7.5
"MAINT00002135","Preventive",1504.31,"Scheduled Preventive",5.5
"MAINT00002136","Inspection",693.36,"Emergency Inspection",5.1
"MAINT00002137","Inspection",891.05,"Routine Inspection",6.4
"MAINT00002138","Preventive",3320.22,"Scheduled Preventive",4.1
"MAINT00002139","Inspection",203.17,"Scheduled Inspection",2.1
"MAINT00002140","Transmission",3260.25,"Emergency Transmission",7.3
"MAINT00002141","Repair",1736.08,"Routine Repair",4.7
"MAINT00002142","Transmission",2558.92,"Scheduled Transmission",6.0
"MAINT00002143","Brake",1422.04,"Emergency Brake",2.8
"MAINT00002144","Engine",3115.14,"Scheduled Engine",6.8
"MAINT00002145","Engine",3243.58,"Routine Engine",1.5
"MAINT00002146","Engine",3655.48,"Emergency Engine",5.0
"MAINT00002147","Engine",1236.73,"Emergency Engine",4.3
"MAINT00002148","Brake",3150.81,"Scheduled Brake",3.4
"MAINT00002149","Preventive",2129.08,"Routine Preventive",3.7
"MAINT00002150","Tire",2563.50,"Routine Tire",3.1
"MAINT00002151","Repair",1265.22,"Routine Repair",4.2
"MAINT00002152","Preventive",3455.89,"Scheduled Preventive",7.8
"MAINT00002153","Brake",2062.36,"Routine Brake",2.5
"MAINT00002154","Inspection",634.52,"Routine Inspection",4.8
"MAINT00002155","Tire",2725.64,"Scheduled Tire",5.2
"MAINT00002156","Repair",1987.72,"Scheduled Repair",4.8
"MAINT00002157","Transmission",2496.84,"Emergency Transmission",7.7
"MAINT00002158","Preventive",3447.70,"Scheduled Preventive",1.3
"MAINT00002159","Tire",3545.38,"Routine Tire",4.6
"MAINT00002160","Transmission",2533.29,"Scheduled Transmission",1.0
"MAINT00002161","Inspection",642.36,"Scheduled Inspection",6.1
"MAINT00002162","Repair",3189.14,"Emergency Repair",4.5
"MAINT00002163","Preventive",937.75,"Scheduled Preventive",6.6
"MAINT00002164","Engine",1529.99,"Scheduled Engine",5.0
"MAINT00002165","Tire",2823.14,"Scheduled Tire",1.7
"MAINT00002166","Engine",1554.05,"Routine Engine",7.6
"MAINT00002167","Repair",777.96,"Routine Repair",0.8
"MAINT00002168","Tire",1933.67,"Routine Tire",3.0
"MAINT00002169","Repair",717.47,"Routine Repair",1.9
"MAINT00002170","Repair",1647.75,"Scheduled Repair",1.0
"MAINT00002171","Engine",940.43,"Scheduled Engine",5.9
"MAINT00002172","Repair",1256.35,"Emergency Repair",4.6
"MAINT00002173","Transmission",2065.40,"Scheduled Transmission",3.0
"MAINT00002174","Engine",3856.26,"Scheduled Engine",7.4
"MAINT00002175","Repair",1584.82,"Scheduled Repair",3.4
"MAINT00002176","Preventive",2498.21,"Scheduled Preventive",6.7
"MAINT00002177","Tire",2626.55,"Emergency Tire",1.3
"MAINT00002178","Transmission",343.98,"Scheduled Transmission",2.2
"MAINT00002179","Preventive",1336.92,"Routine Preventive",2.4
"MAINT00002180","Tire",2100.33,"Emergency Tire",4.9
"MAINT00002181","Transmission",3232.50,"Emergency Transmission",7.6
"MAINT00002182","Transmission",420.72,"Scheduled Transmission",3.2
"MAINT00002183","Repair",1029.99,"Scheduled Repair",3.4
"MAINT00002184","Tire",3374.70,"Routine Tire",2.1
"MAINT00002185","Inspection",804.50,"Routine Inspection",7.0
"MAINT00002186","Brake",2044.33,"Scheduled Brake",1.2
"MAINT00002187","Preventive",1639.08,"Scheduled Preventive",5.9
"MAINT00002188","Brake",778.50,"Scheduled Brake",1.9
"MAINT00002189","Transmission",1646.50,"Routine Transmission",4.8
"MAINT00002190","Repair",974.85,"Scheduled Repair",5.0
"MAINT00002191","Preventive",1853.67,"Routine Preventive",3.3
"MAINT00002192","Brake",1203.20,"Scheduled Brake",5.7
"MAINT00002193","Preventive",1059.05,"Scheduled Preventive",3.3
"MAINT00002194","Inspection",906.94,"Emergency Inspection",7.3
"MAINT00002195","Engine",1078.69,"Routine Engine",7.4
"MAINT00002196","Preventive",2937.58,"Routine Preventive",5.4
"MAINT00002197","Brake",513.55,"Scheduled Brake",3.7
"MAINT00002198","Tire",3419.18,"Scheduled Tire",3.1
"MAINT00002199","Engine",1509.76,"Emergency Engine",6.6
"MAINT00002200","Inspection",562.63,"Scheduled Inspection",5.6
"MAINT00002201","Transmission",2561.59,"Scheduled Transmission",0.6
"MAINT00002202","Transmission",1427.04,"Scheduled Transmission",5.4
"MAINT00002203","Brake",4275.83,"Emergency Brake",7.2
"MAINT00002204","Transmission",897.57,"Scheduled Transmission",2.2
"MAINT00002205","Repair",3309.87,"Routine Repair",5.9
"MAINT00002206","Engine",3469.51,"Emergency Engine",5.9
"MAINT00002207","Engine",1717.45,"Scheduled Engine",7.9
"MAINT00002208","Preventive",439.47,"Routine Preventive",2.6
"MAINT00002209","Engine",2794.17,"Emergency Engine",5.8
"MAINT00002210","Inspection",125.01,"Scheduled Inspection",0.5
"MAINT00002211","Engine",3187.82,"Routine Engine",2.2
"MAINT00002212","Engine",1748.49,"Emergency Engine",2.4
"MAINT00002213","Tire",2964.88,"Scheduled Tire",6.3
"MAINT00002214","Brake",556.26,"Emergency Brake",4.1
"MAINT00002215","Preventive",721.77,"Routine Preventive",5.5
"MAINT00002216","Transmission",1052.66,"Routine Transmission",5.1
"MAINT00002217","Engine",2911.98,"Emergency Engine",1.8
"MAINT00002218","Preventive",615.67,"Routine Preventive",5.7
"MAINT00002219","Transmission",2305.10,"Routine Transmission",0.6
"MAINT00002220","Brake",2172.36,"Scheduled Brake",2.9
"MAINT00002221","Repair",2225.26,"Routine Repair",5.6
"MAINT00002222","Repair",662.53,"Scheduled Repair",1.4
"MAINT00002223","Brake",746.09,"Routine Brake",6.6
"MAINT00002224","Engine",497.95,"Scheduled Engine",0.6
"MAINT00002225","Brake",2680.99,"Scheduled Brake",3.1
"MAINT00002226","Inspection",651.51,"Scheduled Inspection",5.2
"MAINT00002227","Inspection",197.87,"Emergency Inspection",2.0
"MAINT00002228","Transmission",2454.48,"Scheduled Transmission",1.4
"MAINT00002229","Engine",1480.69,"Scheduled Engine",5.2
"MAINT00002230","Repair",660.62,"Scheduled Repair",4.7
"MAINT00002231","Brake",1461.14,"Scheduled Brake",5.1
"MAINT00002232","Engine",3953.71,"Emergency Engine",5.2
"MAINT00002233","Tire",3909.98,"Emergency Tire",5.8
"MAINT00002234","Engine",3625.18,"Scheduled Engine",3.8
"MAINT00002235","Preventive",2163.34,"Routine Preventive",6.0
"MAINT00002236","Inspection",716.30,"Routine Inspection",7.2
"MAINT00002237","Brake",1277.18,"Emergency Brake",5.4
"MAINT00002238","Brake",2082.38,"Scheduled Brake",1.3
"MAINT00002239","Preventive",2138.31,"Routine Preventive",1.7
"MAINT00002240","Inspection",381.27,"Emergency Inspection",3.3
"MAINT00002241","Repair",2802.34,"Emergency Repair",6.0
"MAINT00002242","Repair",1497.62,"Emergency Repair",6.0
"MAINT00002243","Brake",3929.93,"Scheduled Brake",4.3
"MAINT00002244","Inspection",414.49,"Routine Inspection",3.6
"MAINT00002245","Inspection",488.28,"Routine Inspection",4.5
"MAINT00002246","Brake",4185.30,"Scheduled Brake",7.9
"MAINT00002247","Engine",2287.45,"Emergency Engine",4.9
"MAINT00002248","Transmission",4233.00,"Routine Transmission",7.0
"MAINT00002249","Preventive",1274.36,"Emergency Preventive",2.1
"MAINT00002250","Repair",2273.56,"Routine Repair",2.9
"MAINT00002251","Engine",814.36,"Scheduled Engine",6.2
"MAINT00002252","Engine",3404.91,"Routine Engine",4.0
"MAINT00002253","Brake",2592.18,"Routine Brake",3.3
"MAINT00002254","Transmission",2424.05,"Routine Transmission",2.6
"MAINT00002255","Repair",1243.19,"Scheduled Repair",2.2
"MAINT00002256","Brake",2122.47,"Emergency Brake",3.4
"MAINT00002257","Repair",3870.86,"Scheduled Repair",6.6
"MAINT00002258","Tire",3918.67,"Emergency Tire",6.4
"MAINT00002259","Preventive",677.88,"Emergency Preventive",5.5
"MAINT00002260","Tire",2145.47,"Scheduled Tire",0.5
"MAINT00002261","Inspection",74.60,"Emergency Inspection",0.5
"MAINT00002262","Inspection",776.01,"Scheduled Inspection",6.4
"MAINT00002263","Repair",564.37,"Scheduled Repair",2.6
"MAINT00002264","Tire",761.07,"Scheduled Tire",1.8
"MAINT00002265","Inspection",595.38,"Scheduled Inspection",5.2
"MAINT00002266","Preventive",3684.75,"Routine Preventive",7.4
"MAINT00002267","Tire",2416.08,"Routine Tire",2.0
"MAINT00002268","Engine",1834.70,"Scheduled Engine",2.6
"MAINT00002269","Inspection",465.35,"Emergency Inspection",2.9
"MAINT00002270","Brake",2843.63,"Scheduled Brake",0.6
"MAINT00002271","Transmission",990.17,"Scheduled Transmission",7.8
"MAINT00002272","Transmission",3141.13,"Routine Transmission",6.0
"MAINT00002273","Brake",3113.53,"Emergency Brake",4.8
"MAINT00002274","Transmission",2178.97,"Scheduled Transmission",5.1
"MAINT00002275","Brake",2750.15,"Routine Brake",3.8
"MAINT00002276","Preventive",2023.31,"Routine Preventive",0.9
"MAINT00002277","Brake",4009.54,"Emergency Brake",6.7
"MAINT00002278","Repair",1766.39,"Scheduled Repair",3.3
"MAINT00002279","Tire",3900.20,"Scheduled Tire",5.4
"MAINT00002280","Brake",2513.94,"Scheduled Brake",7.6
"MAINT00002281","Preventive",939.19,"Emergency Preventive",3.6
"MAINT00002282","Repair",2972.25,"Routine Repair",6.7
"MAINT00002283","Preventive",2241.90,"Emergency Preventive",5.5
"MAINT00002284","Transmission",3273.77,"Emergency Transmission",4.3
"MAINT00002285","Inspection",563.48,"Routine Inspection",4.7
"MAINT00002286","Transmission",3252.27,"Scheduled Transmission",3.4
"MAINT00002287","Inspection",693.42,"Scheduled Inspection",5.4
"MAINT00002288","Engine",2858.79,"Emergency Engine",5.9
"MAINT00002289","Tire",4048.34,"Emergency Tire",7.5
"MAINT00002290","Preventive",1904.65,"Scheduled Preventive",1.0
"MAINT00002291","Repair",219.44,"Emergency Repair",1.4
"MAINT00002292","Preventive",2892.05,"Scheduled Preventive",3.9
"MAINT00002293","Transmission",1629.77,"Emergency Transmission",6.0
"MAINT00002294","Inspection",629.91,"Emergency Inspection",4.7
"MAINT00002295","Inspection",525.62,"Scheduled Inspection",5.0
"MAINT00002296","Preventive",3145.51,"Routine Preventive",0.8
"MAINT00002297","Engine",713.04,"Scheduled Engine",6.3
"MAINT00002298","Preventive",3534.04,"Scheduled Preventive",5.1
"MAINT00002299","Tire",3922.78,"Emergency Tire",3.7
"MAINT00002300","Brake",1219.82,"Scheduled Brake",6.9
"MAINT00002301","Preventive",834.24,"Routine Preventive",3.6
"MAINT00002302","Engine",1526.59,"Routine Engine",6.1
"MAINT00002303","Brake",3420.07,"Routine Brake",5.4
"MAINT00002304","Brake",2257.53,"Emergency Brake",6.5
"MAINT00002305","Transmission",1328.01,"Scheduled Transmission",1.5
"MAINT00002306","Transmission",3655.04,"Scheduled Transmission",2.0
"MAINT00002307","Repair",2114.15,"Emergency Repair",7.8
"MAINT00002308","Transmission",2532.66,"Emergency Transmission",2.4
"MAINT00002309","Repair",1457.33,"Scheduled Repair",4.5
"MAINT00002310","Engine",2456.49,"Emergency Engine",4.8
"MAINT00002311","Engine",2153.93,"Emergency Engine",5.0
"MAINT00002312","Preventive",200.70,"Routine Preventive",0.7
"MAINT00002313","Transmission",709.65,"Emergency Transmission",1.0
"MAINT00002314","Tire",1819.87,"Emergency Tire",6.0
"MAINT00002315","Inspection",546.64,"Scheduled Inspection",5.7
"MAINT00002316","Engine",2288.97,"Scheduled Engine",1.5
"MAINT00002317","Repair",4079.18,"Emergency Repair",6.8
"MAINT00002318","Engine",1085.36,"Scheduled Engine",2.0
"MAINT00002319","Transmission",3390.50,"Emergency Transmission",7.4
"MAINT00002320","Engine",3027.00,"Scheduled Engine",4.2
"MAINT00002321","Brake",719.66,"Emergency Brake",2.8
"MAINT00002322","Brake",517.82,"Emergency Brake",4.2
"MAINT00002323","Transmission",1130.43,"Emergency Transmission",4.6
"MAINT00002324","Tire",3513.05,"Routine Tire",2.0
"MAINT00002325","Transmission",3304.95,"Scheduled Transmission",5.6
"MAINT00002326","Engine",3258.95,"Scheduled Engine",0.8
"MAINT00002327","Engine",730.98,"Scheduled Engine",2.0
"MAINT00002328","Preventive",940.41,"Scheduled Preventive",2.3
"MAINT00002329","Preventive",3858.82,"Routine Preventive",5.6
"MAINT00002330","Inspection",647.17,"Routine Inspection",4.8
"MAINT00002331","Preventive",487.16,"Emergency Preventive",3.7
"MAINT00002332","Transmission",3264.43,"Emergency Transmission",3.0
"MAINT00002333","Repair",1566.34,"Scheduled Repair",2.4
"MAINT00002334","Transmission",2462.69,"Scheduled Transmission",6.8
"MAINT00002335","Inspection",946.91,"Emergency Inspection",6.7
"MAINT00002336","Inspection",162.27,"Routine Inspection",0.8
"MAINT00002337","Transmission",3867.84,"Scheduled Transmission",5.1
"MAINT00002338","Transmission",908.45,"Routine Transmission",5.8
"MAINT00002339","Inspection",549.41,"Routine Inspection",4.2
"MAINT00002340","Inspection",387.04,"Scheduled Inspection",3.0
"MAINT00002341","Brake",2497.13,"Emergency Brake",6.6
"MAINT00002342","Inspection",648.06,"Routine Inspection",4.8
"MAINT00002343","Tire",1148.31,"Emergency Tire",5.8
"MAINT00002344","Inspection",770.21,"Emergency Inspection",5.7
"MAINT00002345","Preventive",3561.04,"Routine Preventive",3.4
"MAINT00002346","Tire",1775.44,"Routine Tire",4.7
"MAINT00002347","Inspection",505.07,"Emergency Inspection",3.7
"MAINT00002348","Brake",3849.89,"Routine Brake",6.9
"MAINT00002349","Engine",2697.59,"Scheduled Engine",2.3
"MAINT00002350","Brake",1728.48,"Emergency Brake",6.4
"MAINT00002351","Brake",2738.42,"Routine Brake",4.4
"MAINT00002352","Inspection",545.23,"Emergency Inspection",4.8
"MAINT00002353","Brake",1355.30,"Routine Brake",1.0
"MAINT00002354","Repair",2385.15,"Routine Repair",4.8
"MAINT00002355","Tire",1209.71,"Routine Tire",1.4
"MAINT00002356","Repair",3887.57,"Emergency Repair",5.6
"MAINT00002357","Engine",2151.91,"Scheduled Engine",6.5
"MAINT00002358","Preventive",3926.50,"Emergency Preventive",7.7
"MAINT00002359","Tire",2771.22,"Scheduled Tire",7.4
"MAINT00002360","Brake",2204.66,"Emergency Brake",1.2
"MAINT00002361","Transmission",1205.57,"Scheduled Transmission",4.8
"MAINT00002362","Repair",881.76,"Routine Repair",5.0
"MAINT00002363","Inspection",812.03,"Emergency Inspection",7.7
"MAINT00002364","Brake",3371.27,"Scheduled Brake",0.9
"MAINT00002365","Tire",3278.64,"Routine Tire",5.5
"MAINT00002366","Inspection",513.33,"Routine Inspection",3.8
"MAINT00002367","Repair",946.01,"Scheduled Repair",5.9
"MAINT00002368","Engine",575.18,"Scheduled Engine",3.7
"MAINT00002369","Preventive",2593.27,"Emergency Preventive",7.7
"MAINT00002370","Transmission",2804.13,"Scheduled Transmission",4.5
"MAINT00002371","Preventive",3155.10,"Emergency Preventive",4.8
"MAINT00002372","Preventive",2879.18,"Routine Preventive",1.6
"MAINT00002373","Transmission",2337.11,"Scheduled Transmission",2.9
"MAINT00002374","Transmission",2362.14,"Emergency Transmission",7.6
"MAINT00002375","Engine",2203.90,"Scheduled Engine",3.3
"MAINT00002376","Transmission",2802.13,"Routine Transmission",6.6
"MAINT00002377","Repair",2997.18,"Routine Repair",5.3
"MAINT00002378","Brake",3005.75,"Routine Brake",7.4
"MAINT00002379","Brake",3520.09,"Scheduled Brake",8.0
"MAINT00002380","Engine",973.57,"Scheduled Engine",7.3
"MAINT00002381","Tire",1672.03,"Scheduled Tire",0.9
"MAINT00002382","Tire",1626.18,"Routine Tire",5.0
"MAINT00002383","Preventive",2667.34,"Emergency Preventive",3.4
"MAINT00002384","Transmission",2185.97,"Routine Transmission",0.5
"MAINT00002385","Transmission",3277.67,"Scheduled Transmission",4.7
"MAINT00002386","Repair",3792.81,"Routine Repair",5.1
"MAINT00002387","Repair",1355.98,"Scheduled Repair",0.5
"MAINT00002388","Inspection",713.06,"Routine Inspection",5.5
"MAINT00002389","Transmission",268.84,"Emergency Transmission",0.6
"MAINT00002390","Tire",1215.08,"Scheduled Tire",5.1
"MAINT00002391","Tire",2172.70,"Scheduled Tire",6.3
"MAINT00002392","Tire",2225.31,"Emergency Tire",2.9
"MAINT00002393","Repair",1079.47,"Scheduled Repair",1.3
"MAINT00002394","Transmission",490.61,"Emergency Transmission",1.9
"MAINT00002395","Transmission",1749.55,"Scheduled Transmission",4.4
"MAINT00002396","Repair",2615.53,"Routine Repair",2.6
"MAINT00002397","Brake",2493.17,"Emergency Brake",2.0
"MAINT00002398","Tire",784.45,"Scheduled Tire",2.9
"MAINT00002399","Tire",2524.74,"Emergency Tire",7.9
"MAINT00002400","Preventive",2573.11,"Routine Preventive",2.3
"MAINT00002401","Brake",1338.00,"Scheduled Brake",0.6
"MAINT00002402","Engine",2885.69,"Routine Engine",4.0
"MAINT00002403","Inspection",635.17,"Scheduled Inspection",5.6
"MAINT00002404","Tire",1721.64,"Routine Tire",2.3
"MAINT00002405","Preventive",3225.74,"Scheduled Preventive",2.2
"MAINT00002406","Brake",1358.61,"Routine Brake",6.6
"MAINT00002407","Repair",3751.12,"Emergency Repair",5.0
"MAINT00002408","Preventive",435.58,"Emergency Preventive",1.7
"MAINT00002409","Brake",2477.95,"Scheduled Brake",1.9
"MAINT00002410","Tire",2785.53,"Scheduled Tire",6.1
"MAINT00002411","Transmission",2636.84,"Scheduled Transmission",4.1
"MAINT00002412","Engine",751.27,"Scheduled Engine",2.9
"MAINT00002413","Tire",2484.27,"Routine Tire",0.7
"MAINT00002414","Inspection",695.56,"Routine Inspection",7.1
"MAINT00002415","Transmission",2049.81,"Scheduled Transmission",1.5
"MAINT00002416","Transmission",2137.39,"Emergency Transmission",3.7
"MAINT00002417","Brake",979.21,"Emergency Brake",6.3
"MAINT00002418","Inspection",380.52,"Emergency Inspection",2.7
"MAINT00002419","Tire",2052.17,"Routine Tire",1.2
"MAINT00002420","Brake",2703.53,"Routine Brake",7.1
"MAINT00002421","Inspection",482.16,"Scheduled Inspection",3.7
"MAINT00002422","Brake",2741.38,"Scheduled Brake",6.3
"MAINT00002423","Inspection",227.74,"Emergency Inspection",1.0
"MAINT00002424","Preventive",1585.32,"Scheduled Preventive",2.3
"MAINT00002425","Engine",2301.08,"Scheduled Engine",1.5
"MAINT00002426","Transmission",2115.21,"Routine Transmission",2.2
"MAINT00002427","Preventive",480.40,"Scheduled Preventive",2.5
"MAINT00002428","Transmission",2588.63,"Scheduled Transmission",2.4
"MAINT00002429","Preventive",2997.16,"Emergency Preventive",3.0
"MAINT00002430","Repair",1199.80,"Emergency Repair",5.5
"MAINT00002431","Transmission",3476.43,"Scheduled Transmission",3.1
"MAINT00002432","Inspection",611.22,"Emergency Inspection",4.9
"MAINT00002433","Engine",1963.56,"Scheduled Engine",2.0
"MAINT00002434","Engine",1489.69,"Scheduled Engine",6.6
"MAINT00002435","Brake",3439.71,"Routine Brake",7.2
"MAINT00002436","Repair",3024.42,"Scheduled Repair",7.4
"MAINT00002437","Transmission",1711.49,"Scheduled Transmission",3.6
"MAINT00002438","Inspection",344.66,"Emergency Inspection",1.9
"MAINT00002439","Repair",3259.23,"Scheduled Repair",6.7
"MAINT00002440","Preventive",744.32,"Emergency Preventive",2.4
"MAINT00002441","Tire",862.52,"Routine Tire",5.5
"MAINT00002442","Preventive",3324.45,"Routine Preventive",4.0
"MAINT00002443","Inspection",115.26,"Scheduled Inspection",1.1
"MAINT00002444","Brake",1163.00,"Scheduled Brake",4.6
"MAINT00002445","Preventive",2610.90,"Scheduled Preventive",1.0
"MAINT00002446","Brake",1327.14,"Emergency Brake",3.1
"MAINT00002447","Transmission",1465.63,"Scheduled Transmission",0.8
"MAINT00002448","Brake",1882.99,"Emergency Brake",6.0
"MAINT00002449","Engine",259.01,"Emergency Engine",1.4
"MAINT00002450","Repair",395.38,"Routine Repair",1.5
"MAINT00002451","Transmission",1919.34,"Routine Transmission",1.3
"MAINT00002452","Tire",1578.69,"Routine Tire",0.7
"MAINT00002453","Preventive",2280.96,"Scheduled Preventive",0.6
"MAINT00002454","Repair",2487.37,"Scheduled Repair",2.5
"MAINT00002455","Repair",1354.16,"Emergency Repair",4.2
"MAINT00002456","Repair",1585.86,"Emergency Repair",2.0
"MAINT00002457","Tire",1063.72,"Scheduled Tire",5.1
"MAINT00002458","Preventive",3165.27,"Scheduled Preventive",2.1
"MAINT00002459","Inspection",204.73,"Routine Inspection",1.7
"MAINT00002460","Repair",3369.48,"Scheduled Repair",5.5
"MAINT00002461","Transmission",2823.79,"Emergency Transmission",4.2
"MAINT00002462","Tire",3384.75,"Emergency Tire",7.3
"MAINT00002463","Engine",989.08,"Scheduled Engine",7.4
"MAINT00002464","Inspection",344.82,"Routine Inspection",3.6
"MAINT00002465","Transmission",1872.53,"Emergency Transmission",3.1
"MAINT00002466","Inspection",826.12,"Scheduled Inspection",6.8
"MAINT00002467","Transmission",1613.43,"Scheduled Transmission",1.0
"MAINT00002468","Engine",1200.55,"Routine Engine",1.8
"MAINT00002469","Preventive",1310.47,"Scheduled Preventive",0.8
"MAINT00002470","Inspection",242.65,"Scheduled Inspection",2.0
"MAINT00002471","Brake",3757.86,"Routine Brake",3.5
"MAINT00002472","Transmission",2995.43,"Emergency Transmission",3.9
"MAINT00002473","Engine",3761.21,"Emergency Engine",6.1
"MAINT00002474","Brake",1918.34,"Emergency Brake",1.7
"MAINT00002475","Engine",2389.71,"Routine Engine",1.6
"MAINT00002476","Brake",1393.79,"Emergency Brake",3.3
"MAINT00002477","Preventive",3554.74,"Emergency Preventive",5.6
"MAINT00002478","Tire",1483.40,"Scheduled Tire",5.3
"MAINT00002479","Engine",3981.65,"Routine Engine",6.8
"MAINT00002480","Inspection",858.90,"Routine Inspection",7.1
"MAINT00002481","Repair",2273.54,"Scheduled Repair",6.0
"MAINT00002482","Transmission",3487.77,"Emergency Transmission",4.0
"MAINT00002483","Repair",3489.11,"Scheduled Repair",0.9
"MAINT00002484","Transmission",3343.52,"Emergency Transmission",7.6
"MAINT00002485","Brake",843.25,"Routine Brake",6.6
"MAINT00002486","Brake",3822.55,"Emergency Brake",7.2
"MAINT00002487","Inspection",945.26,"Scheduled Inspection",7.5
"MAINT00002488","Inspection",730.78,"Emergency Inspection",6.1
"MAINT00002489","Repair",2000.35,"Scheduled Repair",7.6
"MAINT00002490","Transmission",1943.53,"Emergency Transmission",8.0
"MAINT00002491","Engine",2374.79,"Scheduled Engine",2.9
"MAINT00002492","Engine",3000.68,"Scheduled Engine",5.3
"MAINT00002493","Inspection",617.04,"Emergency Inspection",4.8
"MAINT00002494","Brake",2593.33,"Emergency Brake",7.2
"MAINT00002495","Preventive",879.62,"Scheduled Preventive",3.7
"MAINT00002496","Transmission",286.36,"Scheduled Transmission",0.7
"MAINT00002497","Preventive",2053.53,"Routine Preventive",2.7
"MAINT00002498","Inspection",527.82,"Scheduled Inspection",5.1
"MAINT00002499","Preventive",1760.36,"Routine Preventive",4.3
"MAINT00002500","Brake",4147.20,"Scheduled Brake",7.0
"MAINT00002501","Inspection",291.46,"Emergency Inspection",2.7
"MAINT00002502","Tire",1733.73,"Scheduled Tire",3.4
"MAINT00002503","Preventive",1630.10,"Scheduled Preventive",7.7
"MAINT00002504","Engine",673.54,"Routine Engine",0.8
"MAINT00002505","Inspection",277.45,"Emergency Inspection",2.2
"MAINT00002506","Inspection",705.19,"Routine Inspection",6.1
"MAINT00002507","Engine",3284.16,"Emergency Engine",2.6
"MAINT00002508","Preventive",1433.36,"Emergency Preventive",7.9
"MAINT00002509","Brake",1693.02,"Routine Brake",1.5
"MAINT00002510","Engine",2203.54,"Emergency Engine",4.9
"MAINT00002511","Tire",3011.14,"Emergency Tire",3.9
"MAINT00002512","Transmission",1360.93,"Routine Transmission",2.3
"MAINT00002513","Repair",1781.52,"Emergency Repair",5.4
"MAINT00002514","Transmission",3624.30,"Scheduled Transmission",6.9
"MAINT00002515","Repair",3264.84,"Emergency Repair",5.9
"MAINT00002516","Tire",1873.34,"Scheduled Tire",4.4
"MAINT00002517","Repair",1758.88,"Scheduled Repair",7.3
"MAINT00002518","Inspection",198.44,"Emergency Inspection",0.8
"MAINT00002519","Repair",1102.47,"Emergency Repair",0.8
"MAINT00002520","Inspection",619.94,"Emergency Inspection",4.9
"MAINT00002521","Repair",2464.58,"Routine Repair",1.6
"MAINT00002522","Inspection",550.90,"Routine Inspection",5.1
"MAINT00002523","Brake",1304.85,"Routine Brake",5.7
"MAINT00002524","Repair",869.26,"Emergency Repair",6.9
"MAINT00002525","Engine",676.97,"Emergency Engine",4.0
"MAINT00002526","Tire",806.86,"Emergency Tire",1.8
"MAINT00002527","Brake",2244.62,"Scheduled Brake",7.9
"MAINT00002528","Tire",3497.91,"Emergency Tire",5.9
"MAINT00002529","Brake",3775.80,"Emergency Brake",7.3
"MAINT00002530","Tire",2701.15,"Scheduled Tire",7.0
"MAINT00002531","Preventive",2881.15,"Scheduled Preventive",1.2
"MAINT00002532","Repair",3893.05,"Scheduled Repair",6.4
"MAINT00002533","Tire",2515.24,"Emergency Tire",3.4
"MAINT00002534","Engine",2819.18,"Routine Engine",3.2
"MAINT00002535","Tire",1689.42,"Emergency Tire",5.1
"MAINT00002536","Transmission",1755.70,"Routine Transmission",4.6
"MAINT00002537","Inspection",915.45,"Scheduled Inspection",6.6
"MAINT00002538","Preventive",2735.87,"Routine Preventive",1.4
"MAINT00002539","Engine",3525.33,"Emergency Engine",6.5
"MAINT00002540","Engine",721.56,"Routine Engine",4.2
"MAINT00002541","Brake",3266.48,"Scheduled Brake",1.1
"MAINT00002542","Tire",1234.53,"Scheduled Tire",2.1
"MAINT00002543","Preventive",2552.51,"Scheduled Preventive",4.0
"MAINT00002544","Repair",2791.17,"Routine Repair",2.6
"MAINT00002545","Engine",1290.31,"Routine Engine",5.9
"MAINT00002546","Brake",434.75,"Emergency Brake",3.0
"MAINT00002547","Repair",1792.62,"Routine Repair",3.6
"MAINT00002548","Inspection",105.39,"Scheduled Inspection",0.9
"MAINT00002549","Brake",2433.33,"Routine Brake",7.2
"MAINT00002550","Preventive",3079.42,"Scheduled Preventive",3.8
"MAINT00002551","Inspection",693.73,"Emergency Inspection",4.6
"MAINT00002552","Transmission",2698.02,"Routine Transmission",2.5
"MAINT00002553","Brake",3055.15,"Scheduled Brake",2.4
"MAINT00002554","Tire",1331.22,"Emergency Tire",3.3
"MAINT00002555","Repair",2426.71,"Emergency Repair",6.2
"MAINT00002556","Preventive",2563.75,"Emergency Preventive",3.3
"MAINT00002557","Transmission",861.08,"Scheduled Transmission",1.3
"MAINT00002558","Tire",862.92,"Emergency Tire",1.9
"MAINT00002559","Transmission",1028.57,"Emergency Transmission",1.8
"MAINT00002560","Inspection",411.68,"Scheduled Inspection",4.4
"MAINT00002561","Tire",2466.06,"Emergency Tire",5.4
"MAINT00002562","Preventive",2794.71,"Scheduled Preventive",2.0
"MAINT00002739","Brake",2646.53,"Routine Brake",5.1
"MAINT00002563","Preventive",896.61,"Scheduled Preventive",1.6
"MAINT00002564","Inspection",304.60,"Scheduled Inspection",1.9
"MAINT00002565","Brake",2023.23,"Emergency Brake",1.6
"MAINT00002566","Transmission",2215.36,"Emergency Transmission",6.9
"MAINT00002567","Engine",4084.71,"Routine Engine",5.6
"MAINT00002568","Brake",1203.86,"Scheduled Brake",2.4
"MAINT00002569","Inspection",232.77,"Routine Inspection",1.8
"MAINT00002570","Transmission",2441.96,"Routine Transmission",3.9
"MAINT00002571","Transmission",713.39,"Scheduled Transmission",3.7
"MAINT00002572","Brake",1034.17,"Scheduled Brake",3.9
"MAINT00002573","Preventive",772.21,"Scheduled Preventive",4.8
"MAINT00002574","Transmission",2005.32,"Emergency Transmission",7.5
"MAINT00002575","Transmission",1700.27,"Scheduled Transmission",3.8
"MAINT00002576","Engine",3070.22,"Routine Engine",6.3
"MAINT00002577","Preventive",2485.35,"Scheduled Preventive",2.7
"MAINT00002578","Preventive",1508.16,"Routine Preventive",2.4
"MAINT00002579","Transmission",3194.62,"Emergency Transmission",4.5
"MAINT00002580","Inspection",330.93,"Routine Inspection",3.0
"MAINT00002581","Tire",3615.56,"Emergency Tire",7.6
"MAINT00002582","Transmission",2238.33,"Scheduled Transmission",2.9
"MAINT00002583","Brake",3604.62,"Emergency Brake",7.6
"MAINT00002584","Engine",470.04,"Emergency Engine",2.2
"MAINT00002585","Transmission",3780.77,"Routine Transmission",5.8
"MAINT00002586","Inspection",75.76,"Routine Inspection",0.6
"MAINT00002587","Transmission",2277.86,"Routine Transmission",6.5
"MAINT00002588","Transmission",2525.14,"Emergency Transmission",4.2
"MAINT00002589","Repair",805.50,"Routine Repair",7.3
"MAINT00002590","Engine",2329.41,"Emergency Engine",6.8
"MAINT00002591","Preventive",3600.83,"Routine Preventive",5.8
"MAINT00002592","Transmission",578.57,"Emergency Transmission",1.1
"MAINT00002593","Inspection",474.00,"Routine Inspection",4.0
"MAINT00002594","Transmission",2747.18,"Routine Transmission",3.0
"MAINT00002595","Brake",2514.91,"Routine Brake",0.6
"MAINT00002596","Tire",658.09,"Scheduled Tire",1.5
"MAINT00002597","Repair",3660.24,"Routine Repair",4.0
"MAINT00002598","Tire",598.48,"Emergency Tire",1.1
"MAINT00002599","Repair",593.31,"Emergency Repair",4.6
"MAINT00002600","Repair",3597.89,"Emergency Repair",5.8
"MAINT00002601","Tire",1274.56,"Emergency Tire",4.1
"MAINT00002602","Transmission",3729.14,"Scheduled Transmission",3.2
"MAINT00002603","Transmission",2232.60,"Emergency Transmission",1.6
"MAINT00002604","Preventive",2264.66,"Emergency Preventive",4.1
"MAINT00002605","Repair",687.96,"Routine Repair",4.5
"MAINT00002606","Inspection",510.92,"Scheduled Inspection",3.3
"MAINT00002607","Engine",1024.24,"Routine Engine",7.1
"MAINT00002608","Engine",3537.03,"Emergency Engine",1.8
"MAINT00002609","Transmission",2061.24,"Routine Transmission",0.7
"MAINT00002610","Transmission",1768.69,"Scheduled Transmission",0.7
"MAINT00002611","Engine",2826.12,"Routine Engine",4.6
"MAINT00002612","Repair",1101.84,"Routine Repair",3.9
"MAINT00002613","Transmission",1661.75,"Routine Transmission",2.6
"MAINT00002614","Repair",520.40,"Scheduled Repair",3.5
"MAINT00002615","Brake",3252.90,"Emergency Brake",1.9
"MAINT00002616","Inspection",950.78,"Scheduled Inspection",7.4
"MAINT00002617","Inspection",528.51,"Emergency Inspection",4.5
"MAINT00002618","Transmission",1085.93,"Routine Transmission",7.6
"MAINT00002619","Inspection",474.56,"Emergency Inspection",5.1
"MAINT00002620","Engine",1886.13,"Emergency Engine",4.3
"MAINT00002621","Engine",4072.16,"Routine Engine",7.3
"MAINT00002622","Inspection",833.39,"Emergency Inspection",6.2
"MAINT00002623","Inspection",715.59,"Scheduled Inspection",5.7
"MAINT00002624","Transmission",2515.73,"Emergency Transmission",1.1
"MAINT00002625","Preventive",3552.32,"Scheduled Preventive",2.7
"MAINT00002626","Brake",3192.19,"Scheduled Brake",0.7
"MAINT00002627","Brake",1355.89,"Routine Brake",2.6
"MAINT00002628","Engine",2921.34,"Scheduled Engine",4.5
"MAINT00002629","Engine",2074.41,"Scheduled Engine",3.7
"MAINT00002630","Tire",2849.62,"Scheduled Tire",5.3
"MAINT00002631","Tire",1381.70,"Emergency Tire",7.8
"MAINT00002632","Tire",3989.66,"Emergency Tire",5.9
"MAINT00002633","Inspection",678.17,"Routine Inspection",4.7
"MAINT00002634","Tire",895.81,"Scheduled Tire",0.6
"MAINT00002635","Repair",3900.02,"Emergency Repair",7.0
"MAINT00002636","Repair",1446.24,"Scheduled Repair",2.6
"MAINT00002637","Repair",1941.68,"Emergency Repair",4.7
"MAINT00002638","Preventive",3671.63,"Routine Preventive",4.8
"MAINT00002639","Engine",3227.91,"Emergency Engine",1.2
"MAINT00002640","Engine",4055.74,"Routine Engine",6.0
"MAINT00002641","Repair",1217.63,"Emergency Repair",4.5
"MAINT00002642","Inspection",857.26,"Routine Inspection",7.2
"MAINT00002643","Inspection",587.77,"Emergency Inspection",4.1
"MAINT00002644","Inspection",415.41,"Emergency Inspection",2.8
"MAINT00002645","Repair",1118.05,"Routine Repair",0.9
"MAINT00002646","Inspection",837.70,"Scheduled Inspection",7.8
"MAINT00002647","Engine",2026.19,"Scheduled Engine",6.8
"MAINT00002648","Transmission",2224.35,"Scheduled Transmission",1.0
"MAINT00002649","Repair",3473.82,"Emergency Repair",6.5
"MAINT00002650","Brake",1625.27,"Scheduled Brake",5.8
"MAINT00002651","Tire",2246.11,"Emergency Tire",1.4
"MAINT00002652","Repair",1640.08,"Routine Repair",4.3
"MAINT00002653","Inspection",739.57,"Emergency Inspection",5.8
"MAINT00002654","Repair",1365.54,"Routine Repair",0.8
"MAINT00002655","Inspection",284.05,"Routine Inspection",1.8
"MAINT00002656","Inspection",285.77,"Emergency Inspection",2.3
"MAINT00002657","Preventive",2094.20,"Routine Preventive",0.9
"MAINT00002658","Engine",2689.54,"Routine Engine",4.3
"MAINT00002659","Repair",2737.79,"Routine Repair",4.8
"MAINT00002660","Brake",704.02,"Scheduled Brake",3.7
"MAINT00002661","Engine",2938.67,"Routine Engine",2.2
"MAINT00002662","Tire",1875.59,"Scheduled Tire",7.2
"MAINT00002663","Repair",2645.63,"Routine Repair",1.1
"MAINT00002664","Preventive",2828.31,"Scheduled Preventive",2.5
"MAINT00002665","Brake",1604.68,"Scheduled Brake",2.5
"MAINT00002666","Preventive",1842.96,"Routine Preventive",5.4
"MAINT00002667","Tire",3942.88,"Scheduled Tire",5.4
"MAINT00002668","Engine",806.89,"Routine Engine",7.6
"MAINT00002669","Repair",2946.94,"Scheduled Repair",2.0
"MAINT00002670","Preventive",2908.09,"Routine Preventive",3.9
"MAINT00002671","Brake",3938.27,"Scheduled Brake",5.9
"MAINT00002672","Engine",3284.34,"Routine Engine",6.1
"MAINT00002673","Transmission",858.81,"Routine Transmission",2.4
"MAINT00002674","Brake",1288.83,"Routine Brake",6.7
"MAINT00002675","Tire",3846.23,"Routine Tire",3.9
"MAINT00002676","Repair",1620.53,"Scheduled Repair",2.5
"MAINT00002677","Preventive",1809.87,"Scheduled Preventive",3.2
"MAINT00002678","Transmission",1020.37,"Routine Transmission",2.2
"MAINT00002680","Preventive",2223.70,"Emergency Preventive",3.0
"MAINT00002681","Preventive",2411.51,"Scheduled Preventive",5.0
"MAINT00002682","Tire",3547.88,"Emergency Tire",6.6
"MAINT00002683","Brake",858.30,"Scheduled Brake",4.6
"MAINT00002684","Tire",536.50,"Scheduled Tire",4.3
"MAINT00002685","Transmission",1918.19,"Routine Transmission",5.2
"MAINT00002686","Engine",2663.93,"Routine Engine",3.7
"MAINT00002687","Repair",2541.35,"Routine Repair",3.0
"MAINT00002688","Transmission",573.77,"Emergency Transmission",4.9
"MAINT00002689","Brake",1355.27,"Scheduled Brake",0.6
"MAINT00002690","Repair",1383.56,"Routine Repair",6.2
"MAINT00002691","Transmission",1219.20,"Routine Transmission",2.1
"MAINT00002692","Engine",1105.48,"Emergency Engine",1.8
"MAINT00002693","Inspection",711.03,"Routine Inspection",5.9
"MAINT00002694","Repair",1881.12,"Routine Repair",1.3
"MAINT00002695","Brake",2316.63,"Routine Brake",1.5
"MAINT00002696","Brake",1804.75,"Scheduled Brake",7.2
"MAINT00002697","Brake",442.70,"Emergency Brake",3.1
"MAINT00002698","Preventive",2578.07,"Routine Preventive",7.6
"MAINT00002699","Engine",2626.45,"Emergency Engine",3.1
"MAINT00002700","Brake",1738.76,"Emergency Brake",3.8
"MAINT00002701","Repair",3648.79,"Emergency Repair",5.2
"MAINT00002702","Preventive",2803.18,"Scheduled Preventive",5.8
"MAINT00002703","Tire",4219.66,"Emergency Tire",7.6
"MAINT00002704","Tire",3436.02,"Emergency Tire",5.6
"MAINT00002705","Engine",3493.65,"Routine Engine",2.5
"MAINT00002706","Transmission",1753.57,"Routine Transmission",1.0
"MAINT00002707","Tire",3902.06,"Scheduled Tire",7.7
"MAINT00002708","Repair",727.74,"Emergency Repair",7.9
"MAINT00002709","Engine",3223.44,"Emergency Engine",4.5
"MAINT00002710","Inspection",852.60,"Scheduled Inspection",7.2
"MAINT00002711","Repair",3042.73,"Scheduled Repair",6.1
"MAINT00002712","Preventive",614.20,"Routine Preventive",0.5
"MAINT00002713","Repair",1606.52,"Routine Repair",3.1
"MAINT00002714","Preventive",864.17,"Routine Preventive",4.5
"MAINT00002715","Transmission",3801.68,"Routine Transmission",3.0
"MAINT00002716","Repair",2848.35,"Emergency Repair",1.0
"MAINT00002717","Inspection",651.78,"Emergency Inspection",6.4
"MAINT00002718","Preventive",2384.90,"Emergency Preventive",3.7
"MAINT00002719","Engine",2643.09,"Scheduled Engine",4.6
"MAINT00002720","Transmission",3538.38,"Scheduled Transmission",3.6
"MAINT00002721","Inspection",397.25,"Emergency Inspection",2.8
"MAINT00002722","Brake",3257.09,"Scheduled Brake",6.4
"MAINT00002723","Repair",2750.42,"Emergency Repair",7.5
"MAINT00002724","Brake",3427.80,"Emergency Brake",4.7
"MAINT00002725","Inspection",405.17,"Emergency Inspection",3.9
"MAINT00002726","Tire",2003.03,"Emergency Tire",5.9
"MAINT00002727","Preventive",1078.47,"Scheduled Preventive",6.1
"MAINT00002728","Inspection",940.35,"Scheduled Inspection",7.2
"MAINT00002729","Tire",252.14,"Routine Tire",0.9
"MAINT00002730","Inspection",204.65,"Emergency Inspection",1.0
"MAINT00002731","Brake",406.71,"Routine Brake",2.1
"MAINT00002732","Brake",2411.76,"Routine Brake",4.1
"MAINT00002733","Preventive",2645.33,"Routine Preventive",4.3
"MAINT00002734","Repair",4137.56,"Routine Repair",6.0
"MAINT00002735","Preventive",2297.36,"Emergency Preventive",8.0
"MAINT00002736","Brake",2565.85,"Scheduled Brake",6.4
"MAINT00002737","Repair",804.92,"Routine Repair",6.4
"MAINT00002738","Repair",162.50,"Routine Repair",0.6
"MAINT00002740","Inspection",245.41,"Emergency Inspection",1.6
"MAINT00002741","Transmission",1532.94,"Emergency Transmission",4.1
"MAINT00002742","Brake",974.43,"Routine Brake",6.1
"MAINT00002743","Tire",1212.62,"Routine Tire",5.6
"MAINT00002744","Inspection",523.75,"Emergency Inspection",4.0
"MAINT00002745","Preventive",970.55,"Routine Preventive",4.5
"MAINT00002746","Tire",3036.54,"Scheduled Tire",0.8
"MAINT00002747","Engine",3355.40,"Scheduled Engine",2.1
"MAINT00002748","Transmission",1165.62,"Routine Transmission",8.0
"MAINT00002749","Preventive",845.11,"Emergency Preventive",4.6
"MAINT00002750","Inspection",464.32,"Routine Inspection",5.3
"MAINT00002751","Repair",3005.88,"Routine Repair",6.2
"MAINT00002752","Inspection",470.83,"Emergency Inspection",2.8
"MAINT00002753","Engine",2917.85,"Routine Engine",0.8
"MAINT00002754","Engine",584.97,"Routine Engine",1.7
"MAINT00002755","Engine",815.88,"Routine Engine",5.9
"MAINT00002756","Transmission",3362.10,"Routine Transmission",2.3
"MAINT00002757","Brake",4151.75,"Routine Brake",7.1
"MAINT00002758","Inspection",629.15,"Routine Inspection",7.0
"MAINT00002759","Transmission",1334.61,"Scheduled Transmission",0.6
"MAINT00002760","Preventive",1127.63,"Emergency Preventive",2.7
"MAINT00002761","Inspection",256.00,"Scheduled Inspection",1.5
"MAINT00002762","Brake",1345.05,"Routine Brake",5.1
"MAINT00002763","Tire",1845.46,"Emergency Tire",1.4
"MAINT00002764","Tire",3882.93,"Scheduled Tire",4.0
"MAINT00002765","Brake",2193.57,"Emergency Brake",5.6
"MAINT00002766","Transmission",412.42,"Scheduled Transmission",1.6
"MAINT00002767","Brake",884.65,"Emergency Brake",4.8
"MAINT00002768","Transmission",2561.96,"Emergency Transmission",3.9
"MAINT00002769","Engine",1104.83,"Routine Engine",1.4
"MAINT00002770","Repair",1199.78,"Scheduled Repair",6.5
"MAINT00002771","Tire",1845.34,"Routine Tire",6.2
"MAINT00002772","Engine",1746.45,"Scheduled Engine",2.9
"MAINT00002773","Repair",1792.43,"Scheduled Repair",1.2
"MAINT00002774","Tire",3383.78,"Scheduled Tire",6.8
"MAINT00002775","Preventive",2848.74,"Routine Preventive",4.1
"MAINT00002776","Repair",3096.03,"Emergency Repair",0.8
"MAINT00002777","Preventive",1411.82,"Routine Preventive",1.1
"MAINT00002778","Preventive",3074.45,"Routine Preventive",2.2
"MAINT00002779","Engine",522.00,"Emergency Engine",1.5
"MAINT00002780","Engine",1510.75,"Scheduled Engine",1.7
"MAINT00002781","Repair",3590.85,"Scheduled Repair",4.2
"MAINT00002782","Transmission",2555.40,"Routine Transmission",4.4
"MAINT00002783","Preventive",2047.03,"Routine Preventive",5.5
"MAINT00002784","Brake",3107.29,"Emergency Brake",2.4
"MAINT00002785","Brake",3620.61,"Emergency Brake",6.6
"MAINT00002786","Inspection",460.44,"Routine Inspection",4.0
"MAINT00002787","Inspection",401.20,"Scheduled Inspection",2.3
"MAINT00002788","Repair",3511.24,"Emergency Repair",7.6
"MAINT00002789","Transmission",3629.85,"Emergency Transmission",6.5
"MAINT00002790","Inspection",474.87,"Scheduled Inspection",3.3
"MAINT00002791","Preventive",2330.26,"Scheduled Preventive",5.4
"MAINT00002792","Repair",774.52,"Scheduled Repair",1.3
"MAINT00002793","Brake",2738.25,"Routine Brake",7.1
"MAINT00002794","Repair",1228.69,"Routine Repair",2.2
"MAINT00002795","Engine",3090.57,"Routine Engine",2.3
"MAINT00002796","Transmission",3649.92,"Routine Transmission",4.1
"MAINT00002797","Transmission",2254.26,"Routine Transmission",5.2
"MAINT00002798","Brake",977.91,"Routine Brake",1.0
"MAINT00002799","Repair",359.93,"Routine Repair",2.6
"MAINT00002800","Inspection",496.98,"Routine Inspection",5.1
"MAINT00002801","Transmission",742.69,"Routine Transmission",5.4
"MAINT00002802","Repair",3610.58,"Emergency Repair",7.9
"MAINT00002803","Brake",2943.36,"Scheduled Brake",4.1
"MAINT00002804","Preventive",390.08,"Scheduled Preventive",1.7
"MAINT00002805","Inspection",236.88,"Scheduled Inspection",1.5
"MAINT00002806","Preventive",2014.35,"Scheduled Preventive",6.1
"MAINT00002807","Preventive",429.53,"Routine Preventive",1.3
"MAINT00002808","Transmission",1706.51,"Emergency Transmission",0.8
"MAINT00002809","Engine",1228.00,"Emergency Engine",2.6
"MAINT00002810","Repair",969.91,"Scheduled Repair",6.3
"MAINT00002811","Preventive",1691.98,"Routine Preventive",4.7
"MAINT00002812","Preventive",1205.41,"Scheduled Preventive",7.0
"MAINT00002813","Tire",2752.44,"Emergency Tire",5.6
"MAINT00002814","Tire",2444.43,"Routine Tire",3.0
"MAINT00002815","Brake",1854.95,"Scheduled Brake",4.9
"MAINT00002816","Tire",1676.20,"Scheduled Tire",2.3
"MAINT00002817","Tire",995.16,"Routine Tire",1.5
"MAINT00002818","Engine",1456.37,"Emergency Engine",0.7
"MAINT00002819","Repair",2504.76,"Emergency Repair",6.5
"MAINT00002820","Transmission",3464.68,"Emergency Transmission",5.5
"MAINT00002821","Preventive",3143.96,"Emergency Preventive",2.2
"MAINT00002822","Transmission",433.31,"Scheduled Transmission",1.2
"MAINT00002823","Tire",2307.09,"Routine Tire",4.2
"MAINT00002824","Repair",907.25,"Emergency Repair",0.6
"MAINT00002825","Engine",3529.42,"Routine Engine",1.3
"MAINT00002826","Repair",3902.14,"Emergency Repair",6.5
"MAINT00002827","Engine",3675.32,"Routine Engine",6.0
"MAINT00002828","Inspection",159.04,"Routine Inspection",1.3
"MAINT00002829","Inspection",432.66,"Scheduled Inspection",4.1
"MAINT00002830","Engine",2853.41,"Emergency Engine",0.7
"MAINT00002831","Preventive",3443.13,"Routine Preventive",2.2
"MAINT00002832","Preventive",3755.05,"Scheduled Preventive",7.9
"MAINT00002833","Tire",3320.33,"Scheduled Tire",6.0
"MAINT00002834","Transmission",3460.07,"Emergency Transmission",6.3
"MAINT00002835","Repair",3555.06,"Routine Repair",1.6
"MAINT00002836","Repair",924.67,"Emergency Repair",4.4
"MAINT00002837","Tire",741.60,"Emergency Tire",3.5
"MAINT00002838","Preventive",3647.75,"Routine Preventive",6.1
"MAINT00002839","Preventive",2487.55,"Scheduled Preventive",6.5
"MAINT00002840","Inspection",315.09,"Scheduled Inspection",2.5
"MAINT00002841","Transmission",3118.37,"Emergency Transmission",4.9
"MAINT00002842","Repair",2319.60,"Emergency Repair",3.6
"MAINT00002843","Preventive",1762.26,"Emergency Preventive",5.5
"MAINT00002844","Brake",1419.90,"Routine Brake",2.9
"MAINT00002845","Transmission",1803.50,"Scheduled Transmission",2.1
"MAINT00002846","Preventive",3553.93,"Scheduled Preventive",7.6
"MAINT00002847","Brake",1527.80,"Scheduled Brake",1.5
"MAINT00002848","Repair",2171.52,"Routine Repair",2.3
"MAINT00002849","Repair",3114.55,"Scheduled Repair",7.2
"MAINT00002850","Transmission",3234.49,"Routine Transmission",3.4
"MAINT00002851","Preventive",1648.81,"Routine Preventive",4.1
"MAINT00002852","Inspection",251.70,"Scheduled Inspection",1.4
"MAINT00002853","Transmission",2710.91,"Scheduled Transmission",6.5
"MAINT00002854","Preventive",1915.23,"Emergency Preventive",6.7
"MAINT00002855","Repair",3187.09,"Emergency Repair",1.5
"MAINT00002856","Brake",3278.32,"Routine Brake",0.8
"MAINT00002857","Brake",2847.89,"Emergency Brake",4.1
"MAINT00002858","Preventive",3350.40,"Routine Preventive",7.2
"MAINT00002859","Repair",2241.80,"Emergency Repair",3.4
"MAINT00002860","Engine",834.86,"Emergency Engine",4.0
"MAINT00002861","Inspection",293.92,"Emergency Inspection",2.9
"MAINT00002862","Brake",1188.97,"Routine Brake",3.5
"MAINT00002863","Tire",1362.09,"Routine Tire",1.9
"MAINT00002864","Preventive",4426.57,"Routine Preventive",7.9
"MAINT00002865","Brake",1663.35,"Scheduled Brake",5.1
"MAINT00002866","Brake",2553.89,"Routine Brake",6.0
"MAINT00002867","Repair",1780.00,"Routine Repair",2.7
"MAINT00002868","Tire",785.06,"Scheduled Tire",1.7
"MAINT00002869","Preventive",998.21,"Routine Preventive",6.1
"MAINT00002870","Tire",1041.01,"Routine Tire",5.0
"MAINT00002871","Brake",1619.21,"Routine Brake",6.6
"MAINT00002872","Engine",2292.45,"Emergency Engine",8.0
"MAINT00002873","Inspection",466.75,"Emergency Inspection",3.5
"MAINT00002874","Transmission",1483.20,"Emergency Transmission",5.1
"MAINT00002875","Inspection",431.00,"Routine Inspection",3.5
"MAINT00002876","Inspection",620.71,"Scheduled Inspection",4.2
"MAINT00002877","Engine",3587.13,"Routine Engine",4.4
"MAINT00002878","Engine",2054.42,"Scheduled Engine",6.3
"MAINT00002879","Engine",2901.83,"Scheduled Engine",4.2
"MAINT00002880","Engine",2931.20,"Scheduled Engine",4.9
"MAINT00002881","Preventive",2661.84,"Scheduled Preventive",0.7
"MAINT00002882","Brake",3047.45,"Scheduled Brake",5.2
"MAINT00002883","Transmission",3059.87,"Routine Transmission",6.0
"MAINT00002884","Tire",1464.98,"Routine Tire",4.0
"MAINT00002885","Inspection",592.27,"Routine Inspection",5.7
"MAINT00002886","Tire",2849.54,"Emergency Tire",3.2
"MAINT00002887","Transmission",3351.52,"Emergency Transmission",6.7
"MAINT00002888","Preventive",2569.74,"Scheduled Preventive",5.6
"MAINT00002889","Engine",1148.44,"Scheduled Engine",2.1
"MAINT00002890","Brake",1721.67,"Routine Brake",3.1
"MAINT00002891","Brake",1299.96,"Scheduled Brake",5.8
"MAINT00002892","Inspection",593.48,"Emergency Inspection",5.6
"MAINT00002893","Engine",3287.28,"Scheduled Engine",5.5
"MAINT00002894","Engine",3563.00,"Emergency Engine",3.7
"MAINT00002895","Preventive",940.71,"Emergency Preventive",5.3
"MAINT00002896","Inspection",432.33,"Routine Inspection",3.3
"MAINT00002897","Brake",3474.86,"Emergency Brake",4.8
"MAINT00002898","Tire",1450.06,"Routine Tire",1.3
"MAINT00002899","Tire",2898.73,"Routine Tire",1.4
"MAINT00002900","Repair",750.60,"Scheduled Repair",2.0
"MAINT00002901","Brake",1002.03,"Routine Brake",4.1
"MAINT00002902","Engine",1693.90,"Scheduled Engine",1.9
"MAINT00002903","Preventive",3370.24,"Routine Preventive",1.1
"MAINT00002904","Brake",1475.18,"Emergency Brake",2.0
"MAINT00002905","Engine",3868.67,"Emergency Engine",6.2
"MAINT00002906","Preventive",946.57,"Scheduled Preventive",2.2
"MAINT00002907","Inspection",801.16,"Scheduled Inspection",6.6
"MAINT00002908","Transmission",3901.89,"Emergency Transmission",3.6
"MAINT00002909","Transmission",2995.69,"Emergency Transmission",2.8
"MAINT00002910","Transmission",2388.64,"Emergency Transmission",4.2
"MAINT00002911","Engine",3343.61,"Routine Engine",7.9
"MAINT00002912","Tire",3394.10,"Scheduled Tire",2.9
"MAINT00002913","Repair",1374.60,"Scheduled Repair",0.5
"MAINT00002914","Engine",3638.92,"Scheduled Engine",7.1
"MAINT00002915","Inspection",409.93,"Routine Inspection",4.1
"MAINT00002916","Inspection",477.94,"Scheduled Inspection",3.9
"MAINT00002917","Preventive",2135.64,"Emergency Preventive",5.8
"MAINT00002918","Repair",653.25,"Scheduled Repair",1.7
"MAINT00002919","Engine",3244.60,"Scheduled Engine",7.1
"MAINT00002920","Tire",3318.09,"Routine Tire",7.7
